Project,House Area (sq ft),Price ($),Car Age (years),Resale Price ($),Hours Studied,Score,Years Experience,Salary ($),Day of Year,Temperature (Â°C),Car Weight (kg),MPG,Engine Size (L),CO2 (g/km),Budget ($M),Revenue ($M),Appliance Count,Usage (kWh),GDP per Capita,Life Expectancy,Day Index,Stock Price ($),House Size (sq ft),Rent ($),Rainfall (mm),Yield (tons),Ad Spend ($),Sales ($),Rides per Day,BMI,Insurance Cost ($),Hour of Day,Vehicle Count,R&D Spend ($),Profit ($),Ad Clicks,Visitors
House Price Prediction,2878.0,436701.1154561253,,,,,,,,,,,,,,,,,,,,,,,,,,,,,,,,,,,
House Price Prediction,1807.0,276056.3124494744,,,,,,,,,,,,,,,,,,,,,,,,,,,,,,,,,,,
House Price Prediction,1398.0,214690.69024932562,,,,,,,,,,,,,,,,,,,,,,,,,,,,,,,,,,,
House Price Prediction,1598.0,244700.56160582736,,,,,,,,,,,,,,,,,,,,,,,,,,,,,,,,,,,
House Price Prediction,1689.0,258355.73089130354,,,,,,,,,,,,,,,,,,,,,,,,,,,,,,,,,,,
House Price Prediction,1712.0,261799.5100677664,,,,,,,,,,,,,,,,,,,,,,,,,,,,,,,,,,,
House Price Prediction,2625.0,398745.2436530343,,,,,,,,,,,,,,,,,,,,,,,,,,,,,,,,,,,
House Price Prediction,1187.0,183046.9805494217,,,,,,,,,,,,,,,,,,,,,,,,,,,,,,,,,,,
House Price Prediction,2568.0,390198.03528999095,,,,,,,,,,,,,,,,,,,,,,,,,,,,,,,,,,,
House Price Prediction,1065.0,164746.3947498524,,,,,,,,,,,,,,,,,,,,,,,,,,,,,,,,,,,
House Price Prediction,1707.0,261049.23594441466,,,,,,,,,,,,,,,,,,,,,,,,,,,,,,,,,,,
House Price Prediction,2394.0,364107.5412370159,,,,,,,,,,,,,,,,,,,,,,,,,,,,,,,,,,,
House Price Prediction,1326.0,203897.0131761723,,,,,,,,,,,,,,,,,,,,,,,,,,,,,,,,,,,
House Price Prediction,1851.0,282647.5616301286,,,,,,,,,,,,,,,,,,,,,,,,,,,,,,,,,,,
House Price Prediction,2726.0,413902.2989029203,,,,,,,,,,,,,,,,,,,,,,,,,,,,,,,,,,,
House Price Prediction,2311.0,351649.1258981802,,,,,,,,,,,,,,,,,,,,,,,,,,,,,,,,,,,
House Price Prediction,1582.0,242293.35407433327,,,,,,,,,,,,,,,,,,,,,,,,,,,,,,,,,,,
House Price Prediction,1850.0,282499.6940578111,,,,,,,,,,,,,,,,,,,,,,,,,,,,,,,,,,,
House Price Prediction,2144.0,326599.505542838,,,,,,,,,,,,,,,,,,,,,,,,,,,,,,,,,,,
House Price Prediction,690.0,108504.8783917272,,,,,,,,,,,,,,,,,,,,,,,,,,,,,,,,,,,
House Price Prediction,1723.0,263445.139238009,,,,,,,,,,,,,,,,,,,,,,,,,,,,,,,,,,,
House Price Prediction,1835.0,280254.91159741377,,,,,,,,,,,,,,,,,,,,,,,,,,,,,,,,,,,
House Price Prediction,1207.0,186049.5108459395,,,,,,,,,,,,,,,,,,,,,,,,,,,,,,,,,,,
House Price Prediction,878.0,136694.46029164543,,,,,,,,,,,,,,,,,,,,,,,,,,,,,,,,,,,
House Price Prediction,886.0,137893.45610843963,,,,,,,,,,,,,,,,,,,,,,,,,,,,,,,,,,,
House Price Prediction,2784.0,422609.6719426395,,,,,,,,,,,,,,,,,,,,,,,,,,,,,,,,,,,
House Price Prediction,1115.0,172249.20041988583,,,,,,,,,,,,,,,,,,,,,,,,,,,,,,,,,,,
House Price Prediction,2042.0,311304.6825205837,,,,,,,,,,,,,,,,,,,,,,,,,,,,,,,,,,,
House Price Prediction,2830.0,429491.45940302697,,,,,,,,,,,,,,,,,,,,,,,,,,,,,,,,,,,
House Price Prediction,2548.0,387213.18847443984,,,,,,,,,,,,,,,,,,,,,,,,,,,,,,,,,,,
House Price Prediction,2254.0,343104.4662231418,,,,,,,,,,,,,,,,,,,,,,,,,,,,,,,,,,,
House Price Prediction,963.0,149448.72279892923,,,,,,,,,,,,,,,,,,,,,,,,,,,,,,,,,,,
House Price Prediction,1466.0,224898.4691707107,,,,,,,,,,,,,,,,,,,,,,,,,,,,,,,,,,,
House Price Prediction,671.0,105653.67299064151,,,,,,,,,,,,,,,,,,,,,,,,,,,,,,,,,,,
House Price Prediction,1646.0,251903.3859084336,,,,,,,,,,,,,,,,,,,,,,,,,,,,,,,,,,,
House Price Prediction,1342.0,206300.912646402,,,,,,,,,,,,,,,,,,,,,,,,,,,,,,,,,,,
House Price Prediction,1821.0,278150.054393791,,,,,,,,,,,,,,,,,,,,,,,,,,,,,,,,,,,
House Price Prediction,2408.0,366202.8053354201,,,,,,,,,,,,,,,,,,,,,,,,,,,,,,,,,,,
House Price Prediction,1189.0,183341.2914822346,,,,,,,,,,,,,,,,,,,,,,,,,,,,,,,,,,,
House Price Prediction,2007.0,306048.14362643694,,,,,,,,,,,,,,,,,,,,,,,,,,,,,,,,,,,
House Price Prediction,2712.0,411791.7656807085,,,,,,,,,,,,,,,,,,,,,,,,,,,,,,,,,,,
House Price Prediction,2524.0,383603.0229617235,,,,,,,,,,,,,,,,,,,,,,,,,,,,,,,,,,,
House Price Prediction,2222.0,338296.62093014485,,,,,,,,,,,,,,,,,,,,,,,,,,,,,,,,,,,
House Price Prediction,882.0,137292.1421096066,,,,,,,,,,,,,,,,,,,,,,,,,,,,,,,,,,,
House Price Prediction,2756.0,418396.0310673799,,,,,,,,,,,,,,,,,,,,,,,,,,,,,,,,,,,
House Price Prediction,1912.0,291800.7467810073,,,,,,,,,,,,,,,,,,,,,,,,,,,,,,,,,,,
House Price Prediction,2083.0,317448.9738580872,,,,,,,,,,,,,,,,,,,,,,,,,,,,,,,,,,,
House Price Prediction,2771.0,420644.1342172048,,,,,,,,,,,,,,,,,,,,,,,,,,,,,,,,,,,
House Price Prediction,2550.0,387491.47565699136,,,,,,,,,,,,,,,,,,,,,,,,,,,,,,,,,,,
House Price Prediction,871.0,135650.36966393515,,,,,,,,,,,,,,,,,,,,,,,,,,,,,,,,,,,
Car Price Estimation,,,14.0,3197.0961594662476,,,,,,,,,,,,,,,,,,,,,,,,,,,,,,,,,
Car Price Estimation,,,3.0,16398.70959645068,,,,,,,,,,,,,,,,,,,,,,,,,,,,,,,,,
Car Price Estimation,,,4.0,15199.20157406256,,,,,,,,,,,,,,,,,,,,,,,,,,,,,,,,,
Car Price Estimation,,,14.0,3202.1503284358764,,,,,,,,,,,,,,,,,,,,,,,,,,,,,,,,,
Car Price Estimation,,,13.0,4404.234732508849,,,,,,,,,,,,,,,,,,,,,,,,,,,,,,,,,
Car Price Estimation,,,13.0,4400.732546004792,,,,,,,,,,,,,,,,,,,,,,,,,,,,,,,,,
Car Price Estimation,,,1.0,18798.397687251203,,,,,,,,,,,,,,,,,,,,,,,,,,,,,,,,,
Car Price Estimation,,,12.0,5600.123817690479,,,,,,,,,,,,,,,,,,,,,,,,,,,,,,,,,
Car Price Estimation,,,8.0,10398.303815163701,,,,,,,,,,,,,,,,,,,,,,,,,,,,,,,,,
Car Price Estimation,,,4.0,15191.787233231835,,,,,,,,,,,,,,,,,,,,,,,,,,,,,,,,,
Car Price Estimation,,,7.0,11605.459730856448,,,,,,,,,,,,,,,,,,,,,,,,,,,,,,,,,
Car Price Estimation,,,2.0,17604.51719431244,,,,,,,,,,,,,,,,,,,,,,,,,,,,,,,,,
Car Price Estimation,,,2.0,17609.941669967902,,,,,,,,,,,,,,,,,,,,,,,,,,,,,,,,,
Car Price Estimation,,,6.0,12811.402496532388,,,,,,,,,,,,,,,,,,,,,,,,,,,,,,,,,
Car Price Estimation,,,14.0,3194.119899338736,,,,,,,,,,,,,,,,,,,,,,,,,,,,,,,,,
Car Price Estimation,,,2.0,17598.323000398104,,,,,,,,,,,,,,,,,,,,,,,,,,,,,,,,,
Car Price Estimation,,,6.0,12812.55769798435,,,,,,,,,,,,,,,,,,,,,,,,,,,,,,,,,
Car Price Estimation,,,11.0,6799.797246922089,,,,,,,,,,,,,,,,,,,,,,,,,,,,,,,,,
Car Price Estimation,,,2.0,17601.221054512735,,,,,,,,,,,,,,,,,,,,,,,,,,,,,,,,,
Car Price Estimation,,,4.0,15192.394350241528,,,,,,,,,,,,,,,,,,,,,,,,,,,,,,,,,
Car Price Estimation,,,7.0,11600.751443157884,,,,,,,,,,,,,,,,,,,,,,,,,,,,,,,,,
Car Price Estimation,,,8.0,10409.659701873796,,,,,,,,,,,,,,,,,,,,,,,,,,,,,,,,,
Car Price Estimation,,,3.0,16406.433129050518,,,,,,,,,,,,,,,,,,,,,,,,,,,,,,,,,
Car Price Estimation,,,14.0,3196.950076892407,,,,,,,,,,,,,,,,,,,,,,,,,,,,,,,,,
Car Price Estimation,,,13.0,4398.0184181671575,,,,,,,,,,,,,,,,,,,,,,,,,,,,,,,,,
Car Price Estimation,,,9.0,9194.345498537528,,,,,,,,,,,,,,,,,,,,,,,,,,,,,,,,,
Car Price Estimation,,,2.0,17595.74418429875,,,,,,,,,,,,,,,,,,,,,,,,,,,,,,,,,
Car Price Estimation,,,8.0,10390.448940356067,,,,,,,,,,,,,,,,,,,,,,,,,,,,,,,,,
Car Price Estimation,,,8.0,10399.575901626702,,,,,,,,,,,,,,,,,,,,,,,,,,,,,,,,,
Car Price Estimation,,,13.0,4407.550553399652,,,,,,,,,,,,,,,,,,,,,,,,,,,,,,,,,
Car Price Estimation,,,14.0,3201.777159620469,,,,,,,,,,,,,,,,,,,,,,,,,,,,,,,,,
Car Price Estimation,,,4.0,15206.83119494983,,,,,,,,,,,,,,,,,,,,,,,,,,,,,,,,,
Car Price Estimation,,,1.0,18805.36624700463,,,,,,,,,,,,,,,,,,,,,,,,,,,,,,,,,
Car Price Estimation,,,13.0,4397.265959552137,,,,,,,,,,,,,,,,,,,,,,,,,,,,,,,,,
Car Price Estimation,,,1.0,18796.20246669297,,,,,,,,,,,,,,,,,,,,,,,,,,,,,,,,,
Car Price Estimation,,,2.0,17596.394077215744,,,,,,,,,,,,,,,,,,,,,,,,,,,,,,,,,
Car Price Estimation,,,14.0,3191.41469025779,,,,,,,,,,,,,,,,,,,,,,,,,,,,,,,,,
Car Price Estimation,,,12.0,5600.161651163978,,,,,,,,,,,,,,,,,,,,,,,,,,,,,,,,,
Car Price Estimation,,,14.0,3185.4776780171146,,,,,,,,,,,,,,,,,,,,,,,,,,,,,,,,,
Car Price Estimation,,,9.0,9202.957077546433,,,,,,,,,,,,,,,,,,,,,,,,,,,,,,,,,
Car Price Estimation,,,13.0,4400.359404678595,,,,,,,,,,,,,,,,,,,,,,,,,,,,,,,,,
Car Price Estimation,,,2.0,17602.357199332473,,,,,,,,,,,,,,,,,,,,,,,,,,,,,,,,,
Car Price Estimation,,,2.0,17605.285081414742,,,,,,,,,,,,,,,,,,,,,,,,,,,,,,,,,
Car Price Estimation,,,6.0,12800.993972941695,,,,,,,,,,,,,,,,,,,,,,,,,,,,,,,,,
Car Price Estimation,,,7.0,11608.157858688273,,,,,,,,,,,,,,,,,,,,,,,,,,,,,,,,,
Car Price Estimation,,,13.0,4403.109729054761,,,,,,,,,,,,,,,,,,,,,,,,,,,,,,,,,
Car Price Estimation,,,7.0,11596.21436576592,,,,,,,,,,,,,,,,,,,,,,,,,,,,,,,,,
Car Price Estimation,,,13.0,4398.81144478927,,,,,,,,,,,,,,,,,,,,,,,,,,,,,,,,,
Car Price Estimation,,,9.0,9188.69354486625,,,,,,,,,,,,,,,,,,,,,,,,,,,,,,,,,
Car Price Estimation,,,6.0,12795.489047797639,,,,,,,,,,,,,,,,,,,,,,,,,,,,,,,,,
Student Score Prediction,,,,,8.0,108.09501797033305,,,,,,,,,,,,,,,,,,,,,,,,,,,,,,,
Student Score Prediction,,,,,6.0,92.73136804778832,,,,,,,,,,,,,,,,,,,,,,,,,,,,,,,
Student Score Prediction,,,,,2.0,46.24819485729095,,,,,,,,,,,,,,,,,,,,,,,,,,,,,,,
Student Score Prediction,,,,,1.0,33.76867993032785,,,,,,,,,,,,,,,,,,,,,,,,,,,,,,,
Student Score Prediction,,,,,5.0,70.56234048495938,,,,,,,,,,,,,,,,,,,,,,,,,,,,,,,
Student Score Prediction,,,,,9.0,117.0179124070334,,,,,,,,,,,,,,,,,,,,,,,,,,,,,,,
Student Score Prediction,,,,,8.0,119.75425901183965,,,,,,,,,,,,,,,,,,,,,,,,,,,,,,,
Student Score Prediction,,,,,4.0,71.35553517448517,,,,,,,,,,,,,,,,,,,,,,,,,,,,,,,
Student Score Prediction,,,,,5.0,84.69789706177589,,,,,,,,,,,,,,,,,,,,,,,,,,,,,,,
Student Score Prediction,,,,,5.0,75.49972883667876,,,,,,,,,,,,,,,,,,,,,,,,,,,,,,,
Student Score Prediction,,,,,6.0,82.13275119948891,,,,,,,,,,,,,,,,,,,,,,,,,,,,,,,
Student Score Prediction,,,,,3.0,53.894612679559664,,,,,,,,,,,,,,,,,,,,,,,,,,,,,,,
Student Score Prediction,,,,,5.0,79.51434445421181,,,,,,,,,,,,,,,,,,,,,,,,,,,,,,,
Student Score Prediction,,,,,2.0,40.029355782603716,,,,,,,,,,,,,,,,,,,,,,,,,,,,,,,
Student Score Prediction,,,,,1.0,34.96704791795115,,,,,,,,,,,,,,,,,,,,,,,,,,,,,,,
Student Score Prediction,,,,,1.0,37.068196570143535,,,,,,,,,,,,,,,,,,,,,,,,,,,,,,,
Student Score Prediction,,,,,7.0,93.39537346968349,,,,,,,,,,,,,,,,,,,,,,,,,,,,,,,
Student Score Prediction,,,,,2.0,39.38158491337585,,,,,,,,,,,,,,,,,,,,,,,,,,,,,,,
Student Score Prediction,,,,,4.0,71.4482684910488,,,,,,,,,,,,,,,,,,,,,,,,,,,,,,,
Student Score Prediction,,,,,5.0,80.22935722442283,,,,,,,,,,,,,,,,,,,,,,,,,,,,,,,
Student Score Prediction,,,,,7.0,103.89514933815065,,,,,,,,,,,,,,,,,,,,,,,,,,,,,,,
Student Score Prediction,,,,,2.0,44.44787125373779,,,,,,,,,,,,,,,,,,,,,,,,,,,,,,,
Student Score Prediction,,,,,6.0,93.79961371523736,,,,,,,,,,,,,,,,,,,,,,,,,,,,,,,
Student Score Prediction,,,,,1.0,47.64652097243443,,,,,,,,,,,,,,,,,,,,,,,,,,,,,,,
Student Score Prediction,,,,,7.0,101.31107366118428,,,,,,,,,,,,,,,,,,,,,,,,,,,,,,,
Student Score Prediction,,,,,9.0,116.9503185277667,,,,,,,,,,,,,,,,,,,,,,,,,,,,,,,
Student Score Prediction,,,,,5.0,80.72540324754623,,,,,,,,,,,,,,,,,,,,,,,,,,,,,,,
Student Score Prediction,,,,,5.0,76.71106305352211,,,,,,,,,,,,,,,,,,,,,,,,,,,,,,,
Student Score Prediction,,,,,4.0,65.87858221160624,,,,,,,,,,,,,,,,,,,,,,,,,,,,,,,
Student Score Prediction,,,,,3.0,63.41630194751663,,,,,,,,,,,,,,,,,,,,,,,,,,,,,,,
Student Score Prediction,,,,,9.0,119.304748401064,,,,,,,,,,,,,,,,,,,,,,,,,,,,,,,
Student Score Prediction,,,,,5.0,86.02547826725015,,,,,,,,,,,,,,,,,,,,,,,,,,,,,,,
Student Score Prediction,,,,,8.0,107.78788505378215,,,,,,,,,,,,,,,,,,,,,,,,,,,,,,,
Student Score Prediction,,,,,9.0,118.29412709664994,,,,,,,,,,,,,,,,,,,,,,,,,,,,,,,
Student Score Prediction,,,,,5.0,77.16744502384265,,,,,,,,,,,,,,,,,,,,,,,,,,,,,,,
Student Score Prediction,,,,,9.0,114.39908280656397,,,,,,,,,,,,,,,,,,,,,,,,,,,,,,,
Student Score Prediction,,,,,2.0,54.07212449308295,,,,,,,,,,,,,,,,,,,,,,,,,,,,,,,
Student Score Prediction,,,,,9.0,130.92855832307077,,,,,,,,,,,,,,,,,,,,,,,,,,,,,,,
Student Score Prediction,,,,,4.0,68.08886380716925,,,,,,,,,,,,,,,,,,,,,,,,,,,,,,,
Student Score Prediction,,,,,6.0,86.59752028162497,,,,,,,,,,,,,,,,,,,,,,,,,,,,,,,
Student Score Prediction,,,,,6.0,86.27338258146455,,,,,,,,,,,,,,,,,,,,,,,,,,,,,,,
Student Score Prediction,,,,,6.0,86.6013338619981,,,,,,,,,,,,,,,,,,,,,,,,,,,,,,,
Student Score Prediction,,,,,2.0,58.24891843120401,,,,,,,,,,,,,,,,,,,,,,,,,,,,,,,
Student Score Prediction,,,,,7.0,96.40759740120055,,,,,,,,,,,,,,,,,,,,,,,,,,,,,,,
Student Score Prediction,,,,,6.0,87.0736659955523,,,,,,,,,,,,,,,,,,,,,,,,,,,,,,,
Student Score Prediction,,,,,1.0,33.79822873924514,,,,,,,,,,,,,,,,,,,,,,,,,,,,,,,
Student Score Prediction,,,,,2.0,51.46824386931535,,,,,,,,,,,,,,,,,,,,,,,,,,,,,,,
Student Score Prediction,,,,,7.0,99.66385218924506,,,,,,,,,,,,,,,,,,,,,,,,,,,,,,,
Student Score Prediction,,,,,1.0,34.3141061209872,,,,,,,,,,,,,,,,,,,,,,,,,,,,,,,
Student Score Prediction,,,,,1.0,35.5358520134096,,,,,,,,,,,,,,,,,,,,,,,,,,,,,,,
Salary Prediction,,,,,,,1.0,32007.664666852677,,,,,,,,,,,,,,,,,,,,,,,,,,,,,
Salary Prediction,,,,,,,4.0,38000.163538781344,,,,,,,,,,,,,,,,,,,,,,,,,,,,,
Salary Prediction,,,,,,,4.0,38000.508426977234,,,,,,,,,,,,,,,,,,,,,,,,,,,,,
Salary Prediction,,,,,,,18.0,66000.52826912513,,,,,,,,,,,,,,,,,,,,,,,,,,,,,
Salary Prediction,,,,,,,11.0,52006.973126941055,,,,,,,,,,,,,,,,,,,,,,,,,,,,,
Salary Prediction,,,,,,,1.0,31994.773928188395,,,,,,,,,,,,,,,,,,,,,,,,,,,,,
Salary Prediction,,,,,,,10.0,49998.01802239912,,,,,,,,,,,,,,,,,,,,,,,,,,,,,
Salary Prediction,,,,,,,9.0,47999.15517396669,,,,,,,,,,,,,,,,,,,,,,,,,,,,,
Salary Prediction,,,,,,,4.0,37991.39412087355,,,,,,,,,,,,,,,,,,,,,,,,,,,,,
Salary Prediction,,,,,,,6.0,41995.41929241709,,,,,,,,,,,,,,,,,,,,,,,,,,,,,
Salary Prediction,,,,,,,16.0,62005.233374136405,,,,,,,,,,,,,,,,,,,,,,,,,,,,,
Salary Prediction,,,,,,,2.0,34003.801067481654,,,,,,,,,,,,,,,,,,,,,,,,,,,,,
Salary Prediction,,,,,,,18.0,66004.6853343755,,,,,,,,,,,,,,,,,,,,,,,,,,,,,
Salary Prediction,,,,,,,10.0,49997.05454888734,,,,,,,,,,,,,,,,,,,,,,,,,,,,,
Salary Prediction,,,,,,,17.0,63997.67152379941,,,,,,,,,,,,,,,,,,,,,,,,,,,,,
Salary Prediction,,,,,,,13.0,55991.05967252481,,,,,,,,,,,,,,,,,,,,,,,,,,,,,
Salary Prediction,,,,,,,18.0,66004.65967271158,,,,,,,,,,,,,,,,,,,,,,,,,,,,,
Salary Prediction,,,,,,,13.0,56005.483261343834,,,,,,,,,,,,,,,,,,,,,,,,,,,,,
Salary Prediction,,,,,,,17.0,64005.41960483268,,,,,,,,,,,,,,,,,,,,,,,,,,,,,
Salary Prediction,,,,,,,5.0,40008.02045626739,,,,,,,,,,,,,,,,,,,,,,,,,,,,,
Salary Prediction,,,,,,,11.0,52002.11054296745,,,,,,,,,,,,,,,,,,,,,,,,,,,,,
Salary Prediction,,,,,,,7.0,44007.784409182736,,,,,,,,,,,,,,,,,,,,,,,,,,,,,
Salary Prediction,,,,,,,10.0,49998.99762695421,,,,,,,,,,,,,,,,,,,,,,,,,,,,,
Salary Prediction,,,,,,,17.0,63991.16494817497,,,,,,,,,,,,,,,,,,,,,,,,,,,,,
Salary Prediction,,,,,,,15.0,60004.3036233862,,,,,,,,,,,,,,,,,,,,,,,,,,,,,
Salary Prediction,,,,,,,18.0,65990.98055436996,,,,,,,,,,,,,,,,,,,,,,,,,,,,,
Salary Prediction,,,,,,,19.0,68000.85101024747,,,,,,,,,,,,,,,,,,,,,,,,,,,,,
Salary Prediction,,,,,,,2.0,34004.77661901062,,,,,,,,,,,,,,,,,,,,,,,,,,,,,
Salary Prediction,,,,,,,4.0,38001.62129398018,,,,,,,,,,,,,,,,,,,,,,,,,,,,,
Salary Prediction,,,,,,,3.0,36011.39121535291,,,,,,,,,,,,,,,,,,,,,,,,,,,,,
Salary Prediction,,,,,,,7.0,43990.170355029266,,,,,,,,,,,,,,,,,,,,,,,,,,,,,
Salary Prediction,,,,,,,18.0,65999.58569663732,,,,,,,,,,,,,,,,,,,,,,,,,,,,,
Salary Prediction,,,,,,,10.0,50000.08727732626,,,,,,,,,,,,,,,,,,,,,,,,,,,,,
Salary Prediction,,,,,,,7.0,43993.27948591909,,,,,,,,,,,,,,,,,,,,,,,,,,,,,
Salary Prediction,,,,,,,8.0,45994.23133604638,,,,,,,,,,,,,,,,,,,,,,,,,,,,,
Salary Prediction,,,,,,,6.0,41995.77435694587,,,,,,,,,,,,,,,,,,,,,,,,,,,,,
Salary Prediction,,,,,,,1.0,31994.501763529755,,,,,,,,,,,,,,,,,,,,,,,,,,,,,
Salary Prediction,,,,,,,4.0,37999.460026749184,,,,,,,,,,,,,,,,,,,,,,,,,,,,,
Salary Prediction,,,,,,,14.0,57996.98517549924,,,,,,,,,,,,,,,,,,,,,,,,,,,,,
Salary Prediction,,,,,,,17.0,64001.589541920475,,,,,,,,,,,,,,,,,,,,,,,,,,,,,
Salary Prediction,,,,,,,18.0,66003.24715233101,,,,,,,,,,,,,,,,,,,,,,,,,,,,,
Salary Prediction,,,,,,,11.0,52002.908894798595,,,,,,,,,,,,,,,,,,,,,,,,,,,,,
Salary Prediction,,,,,,,14.0,57997.949368774076,,,,,,,,,,,,,,,,,,,,,,,,,,,,,
Salary Prediction,,,,,,,9.0,48001.42237814732,,,,,,,,,,,,,,,,,,,,,,,,,,,,,
Salary Prediction,,,,,,,15.0,60005.175644580886,,,,,,,,,,,,,,,,,,,,,,,,,,,,,
Salary Prediction,,,,,,,12.0,54002.22782290639,,,,,,,,,,,,,,,,,,,,,,,,,,,,,
Salary Prediction,,,,,,,10.0,50009.294888472214,,,,,,,,,,,,,,,,,,,,,,,,,,,,,
Salary Prediction,,,,,,,19.0,68004.91089493384,,,,,,,,,,,,,,,,,,,,,,,,,,,,,
Salary Prediction,,,,,,,19.0,68008.59203536324,,,,,,,,,,,,,,,,,,,,,,,,,,,,,
Salary Prediction,,,,,,,6.0,41987.53828436035,,,,,,,,,,,,,,,,,,,,,,,,,,,,,
Temperature Forecast,,,,,,,,,1.0,15.533380605701161,,,,,,,,,,,,,,,,,,,,,,,,,,,
Temperature Forecast,,,,,,,,,2.0,13.480337495238908,,,,,,,,,,,,,,,,,,,,,,,,,,,
Temperature Forecast,,,,,,,,,3.0,14.525101348428924,,,,,,,,,,,,,,,,,,,,,,,,,,,
Temperature Forecast,,,,,,,,,4.0,11.175202899479302,,,,,,,,,,,,,,,,,,,,,,,,,,,
Temperature Forecast,,,,,,,,,5.0,17.230997001920898,,,,,,,,,,,,,,,,,,,,,,,,,,,
Temperature Forecast,,,,,,,,,6.0,6.258217837912937,,,,,,,,,,,,,,,,,,,,,,,,,,,
Temperature Forecast,,,,,,,,,7.0,17.367184314356454,,,,,,,,,,,,,,,,,,,,,,,,,,,
Temperature Forecast,,,,,,,,,8.0,11.541443899097299,,,,,,,,,,,,,,,,,,,,,,,,,,,
Temperature Forecast,,,,,,,,,9.0,12.948069549397829,,,,,,,,,,,,,,,,,,,,,,,,,,,
Temperature Forecast,,,,,,,,,10.0,17.692508847828687,,,,,,,,,,,,,,,,,,,,,,,,,,,
Temperature Forecast,,,,,,,,,11.0,15.943888639331668,,,,,,,,,,,,,,,,,,,,,,,,,,,
Temperature Forecast,,,,,,,,,12.0,20.869604557032268,,,,,,,,,,,,,,,,,,,,,,,,,,,
Temperature Forecast,,,,,,,,,13.0,10.802482470770054,,,,,,,,,,,,,,,,,,,,,,,,,,,
Temperature Forecast,,,,,,,,,14.0,15.296471738914363,,,,,,,,,,,,,,,,,,,,,,,,,,,
Temperature Forecast,,,,,,,,,15.0,20.193865585055754,,,,,,,,,,,,,,,,,,,,,,,,,,,
Temperature Forecast,,,,,,,,,16.0,17.605998718756993,,,,,,,,,,,,,,,,,,,,,,,,,,,
Temperature Forecast,,,,,,,,,17.0,17.977971267313983,,,,,,,,,,,,,,,,,,,,,,,,,,,
Temperature Forecast,,,,,,,,,18.0,21.44021429191617,,,,,,,,,,,,,,,,,,,,,,,,,,,
Temperature Forecast,,,,,,,,,19.0,13.91878775565236,,,,,,,,,,,,,,,,,,,,,,,,,,,
Temperature Forecast,,,,,,,,,20.0,12.915845614388644,,,,,,,,,,,,,,,,,,,,,,,,,,,
Temperature Forecast,,,,,,,,,21.0,18.929522184661682,,,,,,,,,,,,,,,,,,,,,,,,,,,
Temperature Forecast,,,,,,,,,22.0,15.352842569944555,,,,,,,,,,,,,,,,,,,,,,,,,,,
Temperature Forecast,,,,,,,,,23.0,21.761017838488577,,,,,,,,,,,,,,,,,,,,,,,,,,,
Temperature Forecast,,,,,,,,,24.0,18.04886718557528,,,,,,,,,,,,,,,,,,,,,,,,,,,
Temperature Forecast,,,,,,,,,25.0,13.133246598548691,,,,,,,,,,,,,,,,,,,,,,,,,,,
Temperature Forecast,,,,,,,,,26.0,17.99192013405571,,,,,,,,,,,,,,,,,,,,,,,,,,,
Temperature Forecast,,,,,,,,,27.0,11.836501678887334,,,,,,,,,,,,,,,,,,,,,,,,,,,
Temperature Forecast,,,,,,,,,28.0,21.13464234178528,,,,,,,,,,,,,,,,,,,,,,,,,,,
Temperature Forecast,,,,,,,,,29.0,9.464238467259241,,,,,,,,,,,,,,,,,,,,,,,,,,,
Temperature Forecast,,,,,,,,,30.0,22.610326370980925,,,,,,,,,,,,,,,,,,,,,,,,,,,
Temperature Forecast,,,,,,,,,31.0,18.154382555922886,,,,,,,,,,,,,,,,,,,,,,,,,,,
Temperature Forecast,,,,,,,,,32.0,15.77719515188663,,,,,,,,,,,,,,,,,,,,,,,,,,,
Temperature Forecast,,,,,,,,,33.0,20.46667075466938,,,,,,,,,,,,,,,,,,,,,,,,,,,
Temperature Forecast,,,,,,,,,34.0,19.256633220811775,,,,,,,,,,,,,,,,,,,,,,,,,,,
Temperature Forecast,,,,,,,,,35.0,23.401908428290305,,,,,,,,,,,,,,,,,,,,,,,,,,,
Temperature Forecast,,,,,,,,,36.0,23.40530869176734,,,,,,,,,,,,,,,,,,,,,,,,,,,
Temperature Forecast,,,,,,,,,37.0,18.611452220831435,,,,,,,,,,,,,,,,,,,,,,,,,,,
Temperature Forecast,,,,,,,,,38.0,12.541146559792113,,,,,,,,,,,,,,,,,,,,,,,,,,,
Temperature Forecast,,,,,,,,,39.0,14.242454997768792,,,,,,,,,,,,,,,,,,,,,,,,,,,
Temperature Forecast,,,,,,,,,40.0,16.641765570941757,,,,,,,,,,,,,,,,,,,,,,,,,,,
Temperature Forecast,,,,,,,,,41.0,22.45860847197547,,,,,,,,,,,,,,,,,,,,,,,,,,,
Temperature Forecast,,,,,,,,,42.0,14.818067693312624,,,,,,,,,,,,,,,,,,,,,,,,,,,
Temperature Forecast,,,,,,,,,43.0,15.285297397849316,,,,,,,,,,,,,,,,,,,,,,,,,,,
Temperature Forecast,,,,,,,,,44.0,26.441753146337135,,,,,,,,,,,,,,,,,,,,,,,,,,,
Temperature Forecast,,,,,,,,,45.0,16.728507443111365,,,,,,,,,,,,,,,,,,,,,,,,,,,
Temperature Forecast,,,,,,,,,46.0,14.126340548666974,,,,,,,,,,,,,,,,,,,,,,,,,,,
Temperature Forecast,,,,,,,,,47.0,21.23323014197074,,,,,,,,,,,,,,,,,,,,,,,,,,,
Temperature Forecast,,,,,,,,,48.0,17.119328585202073,,,,,,,,,,,,,,,,,,,,,,,,,,,
Temperature Forecast,,,,,,,,,49.0,10.502004182832172,,,,,,,,,,,,,,,,,,,,,,,,,,,
Temperature Forecast,,,,,,,,,50.0,22.70457041403687,,,,,,,,,,,,,,,,,,,,,,,,,,,
Fuel Efficiency,,,,,,,,,,,2151.0,45.50980339650362,,,,,,,,,,,,,,,,,,,,,,,,,
Fuel Efficiency,,,,,,,,,,,1531.0,52.56292799194788,,,,,,,,,,,,,,,,,,,,,,,,,
Fuel Efficiency,,,,,,,,,,,2434.0,47.48930443106322,,,,,,,,,,,,,,,,,,,,,,,,,
Fuel Efficiency,,,,,,,,,,,2957.0,46.36550586734932,,,,,,,,,,,,,,,,,,,,,,,,,
Fuel Efficiency,,,,,,,,,,,1839.0,39.849629637176676,,,,,,,,,,,,,,,,,,,,,,,,,
Fuel Efficiency,,,,,,,,,,,2088.0,47.88450260600383,,,,,,,,,,,,,,,,,,,,,,,,,
Fuel Efficiency,,,,,,,,,,,2717.0,52.03918530057851,,,,,,,,,,,,,,,,,,,,,,,,,
Fuel Efficiency,,,,,,,,,,,1240.0,60.127227599458266,,,,,,,,,,,,,,,,,,,,,,,,,
Fuel Efficiency,,,,,,,,,,,2392.0,43.08354809179839,,,,,,,,,,,,,,,,,,,,,,,,,
Fuel Efficiency,,,,,,,,,,,1535.0,56.92799121355908,,,,,,,,,,,,,,,,,,,,,,,,,
Fuel Efficiency,,,,,,,,,,,2407.0,44.15785122787209,,,,,,,,,,,,,,,,,,,,,,,,,
Fuel Efficiency,,,,,,,,,,,2454.0,45.85733870306359,,,,,,,,,,,,,,,,,,,,,,,,,
Fuel Efficiency,,,,,,,,,,,2990.0,43.44007816770374,,,,,,,,,,,,,,,,,,,,,,,,,
Fuel Efficiency,,,,,,,,,,,1082.0,55.134018548527045,,,,,,,,,,,,,,,,,,,,,,,,,
Fuel Efficiency,,,,,,,,,,,1981.0,55.10183228145431,,,,,,,,,,,,,,,,,,,,,,,,,
Fuel Efficiency,,,,,,,,,,,2854.0,47.05292268014556,,,,,,,,,,,,,,,,,,,,,,,,,
Fuel Efficiency,,,,,,,,,,,2720.0,45.76934119838077,,,,,,,,,,,,,,,,,,,,,,,,,
Fuel Efficiency,,,,,,,,,,,1950.0,55.08655616519108,,,,,,,,,,,,,,,,,,,,,,,,,
Fuel Efficiency,,,,,,,,,,,2851.0,41.731693048831424,,,,,,,,,,,,,,,,,,,,,,,,,
Fuel Efficiency,,,,,,,,,,,1610.0,51.56391278266025,,,,,,,,,,,,,,,,,,,,,,,,,
Fuel Efficiency,,,,,,,,,,,1573.0,57.11390614188764,,,,,,,,,,,,,,,,,,,,,,,,,
Fuel Efficiency,,,,,,,,,,,1285.0,56.22153105895287,,,,,,,,,,,,,,,,,,,,,,,,,
Fuel Efficiency,,,,,,,,,,,1988.0,47.728480112775436,,,,,,,,,,,,,,,,,,,,,,,,,
Fuel Efficiency,,,,,,,,,,,2557.0,39.65021616699867,,,,,,,,,,,,,,,,,,,,,,,,,
Fuel Efficiency,,,,,,,,,,,1458.0,54.264290953974054,,,,,,,,,,,,,,,,,,,,,,,,,
Fuel Efficiency,,,,,,,,,,,2235.0,40.93162399048506,,,,,,,,,,,,,,,,,,,,,,,,,
Fuel Efficiency,,,,,,,,,,,1125.0,53.31249317654417,,,,,,,,,,,,,,,,,,,,,,,,,
Fuel Efficiency,,,,,,,,,,,2436.0,53.714741996183335,,,,,,,,,,,,,,,,,,,,,,,,,
Fuel Efficiency,,,,,,,,,,,2522.0,50.37379323150925,,,,,,,,,,,,,,,,,,,,,,,,,
Fuel Efficiency,,,,,,,,,,,1424.0,42.761730109939165,,,,,,,,,,,,,,,,,,,,,,,,,
Fuel Efficiency,,,,,,,,,,,1553.0,53.237257521701586,,,,,,,,,,,,,,,,,,,,,,,,,
Fuel Efficiency,,,,,,,,,,,1609.0,50.35915042698703,,,,,,,,,,,,,,,,,,,,,,,,,
Fuel Efficiency,,,,,,,,,,,2984.0,38.71141299637275,,,,,,,,,,,,,,,,,,,,,,,,,
Fuel Efficiency,,,,,,,,,,,2566.0,48.84510647901051,,,,,,,,,,,,,,,,,,,,,,,,,
Fuel Efficiency,,,,,,,,,,,2181.0,46.63631075604636,,,,,,,,,,,,,,,,,,,,,,,,,
Fuel Efficiency,,,,,,,,,,,1111.0,52.017329806802515,,,,,,,,,,,,,,,,,,,,,,,,,
Fuel Efficiency,,,,,,,,,,,1401.0,53.6152255921336,,,,,,,,,,,,,,,,,,,,,,,,,
Fuel Efficiency,,,,,,,,,,,2782.0,42.96057734549258,,,,,,,,,,,,,,,,,,,,,,,,,
Fuel Efficiency,,,,,,,,,,,1121.0,54.87367916933281,,,,,,,,,,,,,,,,,,,,,,,,,
Fuel Efficiency,,,,,,,,,,,1272.0,50.67337555185033,,,,,,,,,,,,,,,,,,,,,,,,,
Fuel Efficiency,,,,,,,,,,,2317.0,45.72269269688729,,,,,,,,,,,,,,,,,,,,,,,,,
Fuel Efficiency,,,,,,,,,,,1397.0,57.979648846477644,,,,,,,,,,,,,,,,,,,,,,,,,
Fuel Efficiency,,,,,,,,,,,1470.0,58.12335818190138,,,,,,,,,,,,,,,,,,,,,,,,,
Fuel Efficiency,,,,,,,,,,,1984.0,41.53672876428688,,,,,,,,,,,,,,,,,,,,,,,,,
Fuel Efficiency,,,,,,,,,,,2230.0,52.585364219232765,,,,,,,,,,,,,,,,,,,,,,,,,
Fuel Efficiency,,,,,,,,,,,2133.0,56.32795502313053,,,,,,,,,,,,,,,,,,,,,,,,,
Fuel Efficiency,,,,,,,,,,,2463.0,55.471884087017884,,,,,,,,,,,,,,,,,,,,,,,,,
Fuel Efficiency,,,,,,,,,,,2301.0,51.09689862942559,,,,,,,,,,,,,,,,,,,,,,,,,
Fuel Efficiency,,,,,,,,,,,2986.0,39.78301071128051,,,,,,,,,,,,,,,,,,,,,,,,,
Fuel Efficiency,,,,,,,,,,,2591.0,50.19490420173767,,,,,,,,,,,,,,,,,,,,,,,,,
CO2 Emissions,,,,,,,,,,,,,2.4180396170856815,168.19492673649086,,,,,,,,,,,,,,,,,,,,,,,
CO2 Emissions,,,,,,,,,,,,,2.6314107578447326,177.2274969045587,,,,,,,,,,,,,,,,,,,,,,,
CO2 Emissions,,,,,,,,,,,,,1.103790160619821,135.02911560381872,,,,,,,,,,,,,,,,,,,,,,,
CO2 Emissions,,,,,,,,,,,,,4.804429888357548,240.10909991763276,,,,,,,,,,,,,,,,,,,,,,,
CO2 Emissions,,,,,,,,,,,,,1.2136980303097569,130.6789393757038,,,,,,,,,,,,,,,,,,,,,,,
CO2 Emissions,,,,,,,,,,,,,5.323261773013728,262.02671978286594,,,,,,,,,,,,,,,,,,,,,,,
CO2 Emissions,,,,,,,,,,,,,1.593303072372694,157.13521319274238,,,,,,,,,,,,,,,,,,,,,,,
CO2 Emissions,,,,,,,,,,,,,1.8593825606796213,161.99764847278595,,,,,,,,,,,,,,,,,,,,,,,
CO2 Emissions,,,,,,,,,,,,,3.3826323541611867,205.01490155008608,,,,,,,,,,,,,,,,,,,,,,,
CO2 Emissions,,,,,,,,,,,,,4.689402075843712,245.57798945326002,,,,,,,,,,,,,,,,,,,,,,,
CO2 Emissions,,,,,,,,,,,,,1.6950110259953886,154.03892826577123,,,,,,,,,,,,,,,,,,,,,,,
CO2 Emissions,,,,,,,,,,,,,3.2003553753324923,198.26016240702174,,,,,,,,,,,,,,,,,,,,,,,
CO2 Emissions,,,,,,,,,,,,,3.4142563720505237,206.92078035950897,,,,,,,,,,,,,,,,,,,,,,,
CO2 Emissions,,,,,,,,,,,,,2.0614282083429565,155.00103079001858,,,,,,,,,,,,,,,,,,,,,,,
CO2 Emissions,,,,,,,,,,,,,1.5777918834031586,148.33118299930933,,,,,,,,,,,,,,,,,,,,,,,
CO2 Emissions,,,,,,,,,,,,,5.182104614928198,255.05839741662675,,,,,,,,,,,,,,,,,,,,,,,
CO2 Emissions,,,,,,,,,,,,,3.5123282488138274,205.76436162013763,,,,,,,,,,,,,,,,,,,,,,,
CO2 Emissions,,,,,,,,,,,,,1.0719061799207648,129.85032432388897,,,,,,,,,,,,,,,,,,,,,,,
CO2 Emissions,,,,,,,,,,,,,5.014906506545519,253.04963442023674,,,,,,,,,,,,,,,,,,,,,,,
CO2 Emissions,,,,,,,,,,,,,5.903969027072924,273.0294307637497,,,,,,,,,,,,,,,,,,,,,,,
CO2 Emissions,,,,,,,,,,,,,4.029630977071236,218.21965466517693,,,,,,,,,,,,,,,,,,,,,,,
CO2 Emissions,,,,,,,,,,,,,3.5185419354203535,202.2868584943501,,,,,,,,,,,,,,,,,,,,,,,
CO2 Emissions,,,,,,,,,,,,,5.392079315224809,266.08211264309364,,,,,,,,,,,,,,,,,,,,,,,
CO2 Emissions,,,,,,,,,,,,,5.762583948422993,272.81890093664384,,,,,,,,,,,,,,,,,,,,,,,
CO2 Emissions,,,,,,,,,,,,,4.772684579512303,240.87637568638527,,,,,,,,,,,,,,,,,,,,,,,
CO2 Emissions,,,,,,,,,,,,,3.227264648671439,194.95079098506227,,,,,,,,,,,,,,,,,,,,,,,
CO2 Emissions,,,,,,,,,,,,,3.961106996657202,218.8526129831181,,,,,,,,,,,,,,,,,,,,,,,
CO2 Emissions,,,,,,,,,,,,,4.504676825089996,243.25117934704915,,,,,,,,,,,,,,,,,,,,,,,
CO2 Emissions,,,,,,,,,,,,,1.971367855009007,152.95843396853687,,,,,,,,,,,,,,,,,,,,,,,
CO2 Emissions,,,,,,,,,,,,,3.2360051610821903,200.45770482086465,,,,,,,,,,,,,,,,,,,,,,,
CO2 Emissions,,,,,,,,,,,,,5.149106323586425,256.8325013977478,,,,,,,,,,,,,,,,,,,,,,,
CO2 Emissions,,,,,,,,,,,,,4.273626742492215,223.79397528253259,,,,,,,,,,,,,,,,,,,,,,,
CO2 Emissions,,,,,,,,,,,,,3.0560203360592704,199.01497653255157,,,,,,,,,,,,,,,,,,,,,,,
CO2 Emissions,,,,,,,,,,,,,4.316812670073407,232.2007823566056,,,,,,,,,,,,,,,,,,,,,,,
CO2 Emissions,,,,,,,,,,,,,1.5911120603622995,145.1946952947202,,,,,,,,,,,,,,,,,,,,,,,
CO2 Emissions,,,,,,,,,,,,,3.0074880528243817,180.92757495500015,,,,,,,,,,,,,,,,,,,,,,,
CO2 Emissions,,,,,,,,,,,,,4.965642689815282,250.11501486695403,,,,,,,,,,,,,,,,,,,,,,,
CO2 Emissions,,,,,,,,,,,,,2.10254393568324,162.8525901467173,,,,,,,,,,,,,,,,,,,,,,,
CO2 Emissions,,,,,,,,,,,,,1.9298075377870885,152.74066147728206,,,,,,,,,,,,,,,,,,,,,,,
CO2 Emissions,,,,,,,,,,,,,5.754093299582157,267.4047269367866,,,,,,,,,,,,,,,,,,,,,,,
CO2 Emissions,,,,,,,,,,,,,2.0494881479311537,165.82719377353212,,,,,,,,,,,,,,,,,,,,,,,
CO2 Emissions,,,,,,,,,,,,,2.3045928982508403,159.35931241092027,,,,,,,,,,,,,,,,,,,,,,,
CO2 Emissions,,,,,,,,,,,,,5.84807969452169,277.01380461101587,,,,,,,,,,,,,,,,,,,,,,,
CO2 Emissions,,,,,,,,,,,,,4.673542851325129,239.26910066319957,,,,,,,,,,,,,,,,,,,,,,,
CO2 Emissions,,,,,,,,,,,,,4.497982665117641,237.42525409529642,,,,,,,,,,,,,,,,,,,,,,,
CO2 Emissions,,,,,,,,,,,,,5.264631919272906,256.4674325288862,,,,,,,,,,,,,,,,,,,,,,,
CO2 Emissions,,,,,,,,,,,,,1.5791154111839714,148.83983716182072,,,,,,,,,,,,,,,,,,,,,,,
CO2 Emissions,,,,,,,,,,,,,4.529781182900036,232.17956126435755,,,,,,,,,,,,,,,,,,,,,,,
CO2 Emissions,,,,,,,,,,,,,3.5184430466411944,205.307266818369,,,,,,,,,,,,,,,,,,,,,,,
CO2 Emissions,,,,,,,,,,,,,5.1457532014207,256.8180154333747,,,,,,,,,,,,,,,,,,,,,,,
Movie Revenue Prediction,,,,,,,,,,,,,,,89.0,233.25435935637736,,,,,,,,,,,,,,,,,,,,,
Movie Revenue Prediction,,,,,,,,,,,,,,,96.0,251.90153421200773,,,,,,,,,,,,,,,,,,,,,
Movie Revenue Prediction,,,,,,,,,,,,,,,47.0,122.86039350274177,,,,,,,,,,,,,,,,,,,,,
Movie Revenue Prediction,,,,,,,,,,,,,,,128.0,327.04662719057575,,,,,,,,,,,,,,,,,,,,,
Movie Revenue Prediction,,,,,,,,,,,,,,,87.0,224.63330080392026,,,,,,,,,,,,,,,,,,,,,
Movie Revenue Prediction,,,,,,,,,,,,,,,166.0,423.61755122206625,,,,,,,,,,,,,,,,,,,,,
Movie Revenue Prediction,,,,,,,,,,,,,,,163.0,424.29291434808914,,,,,,,,,,,,,,,,,,,,,
Movie Revenue Prediction,,,,,,,,,,,,,,,44.0,118.22910622232149,,,,,,,,,,,,,,,,,,,,,
Movie Revenue Prediction,,,,,,,,,,,,,,,88.0,224.2822027011725,,,,,,,,,,,,,,,,,,,,,
Movie Revenue Prediction,,,,,,,,,,,,,,,76.0,202.70822843925296,,,,,,,,,,,,,,,,,,,,,
Movie Revenue Prediction,,,,,,,,,,,,,,,96.0,256.7332171571724,,,,,,,,,,,,,,,,,,,,,
Movie Revenue Prediction,,,,,,,,,,,,,,,166.0,418.69394074073847,,,,,,,,,,,,,,,,,,,,,
Movie Revenue Prediction,,,,,,,,,,,,,,,43.0,127.36405377359046,,,,,,,,,,,,,,,,,,,,,
Movie Revenue Prediction,,,,,,,,,,,,,,,106.0,277.07588301161536,,,,,,,,,,,,,,,,,,,,,
Movie Revenue Prediction,,,,,,,,,,,,,,,178.0,460.16945394534196,,,,,,,,,,,,,,,,,,,,,
Movie Revenue Prediction,,,,,,,,,,,,,,,178.0,462.3353581752166,,,,,,,,,,,,,,,,,,,,,
Movie Revenue Prediction,,,,,,,,,,,,,,,160.0,414.86308821353873,,,,,,,,,,,,,,,,,,,,,
Movie Revenue Prediction,,,,,,,,,,,,,,,80.0,209.4473220149616,,,,,,,,,,,,,,,,,,,,,
Movie Revenue Prediction,,,,,,,,,,,,,,,12.0,46.088490720957076,,,,,,,,,,,,,,,,,,,,,
Movie Revenue Prediction,,,,,,,,,,,,,,,67.0,178.7729988493546,,,,,,,,,,,,,,,,,,,,,
Movie Revenue Prediction,,,,,,,,,,,,,,,41.0,117.9524236245382,,,,,,,,,,,,,,,,,,,,,
Movie Revenue Prediction,,,,,,,,,,,,,,,40.0,115.99937741890342,,,,,,,,,,,,,,,,,,,,,
Movie Revenue Prediction,,,,,,,,,,,,,,,91.0,232.04551705013617,,,,,,,,,,,,,,,,,,,,,
Movie Revenue Prediction,,,,,,,,,,,,,,,52.0,143.97150565988503,,,,,,,,,,,,,,,,,,,,,
Movie Revenue Prediction,,,,,,,,,,,,,,,144.0,369.09054040743314,,,,,,,,,,,,,,,,,,,,,
Movie Revenue Prediction,,,,,,,,,,,,,,,114.0,295.6909531839201,,,,,,,,,,,,,,,,,,,,,
Movie Revenue Prediction,,,,,,,,,,,,,,,10.0,35.635463744213986,,,,,,,,,,,,,,,,,,,,,
Movie Revenue Prediction,,,,,,,,,,,,,,,70.0,185.43485108787678,,,,,,,,,,,,,,,,,,,,,
Movie Revenue Prediction,,,,,,,,,,,,,,,23.0,75.1176265611452,,,,,,,,,,,,,,,,,,,,,
Movie Revenue Prediction,,,,,,,,,,,,,,,189.0,475.66776186552966,,,,,,,,,,,,,,,,,,,,,
Movie Revenue Prediction,,,,,,,,,,,,,,,15.0,38.88828321565107,,,,,,,,,,,,,,,,,,,,,
Movie Revenue Prediction,,,,,,,,,,,,,,,112.0,280.3335496416721,,,,,,,,,,,,,,,,,,,,,
Movie Revenue Prediction,,,,,,,,,,,,,,,19.0,62.84572131967957,,,,,,,,,,,,,,,,,,,,,
Movie Revenue Prediction,,,,,,,,,,,,,,,80.0,206.1328125406617,,,,,,,,,,,,,,,,,,,,,
Movie Revenue Prediction,,,,,,,,,,,,,,,99.0,258.16093234757443,,,,,,,,,,,,,,,,,,,,,
Movie Revenue Prediction,,,,,,,,,,,,,,,167.0,426.9264143793771,,,,,,,,,,,,,,,,,,,,,
Movie Revenue Prediction,,,,,,,,,,,,,,,158.0,400.5681242968001,,,,,,,,,,,,,,,,,,,,,
Movie Revenue Prediction,,,,,,,,,,,,,,,135.0,351.7573861877785,,,,,,,,,,,,,,,,,,,,,
Movie Revenue Prediction,,,,,,,,,,,,,,,197.0,501.86268515891305,,,,,,,,,,,,,,,,,,,,,
Movie Revenue Prediction,,,,,,,,,,,,,,,106.0,273.8113246148081,,,,,,,,,,,,,,,,,,,,,
Movie Revenue Prediction,,,,,,,,,,,,,,,83.0,218.66435653870124,,,,,,,,,,,,,,,,,,,,,
Movie Revenue Prediction,,,,,,,,,,,,,,,124.0,323.6038604241911,,,,,,,,,,,,,,,,,,,,,
Movie Revenue Prediction,,,,,,,,,,,,,,,179.0,452.70511878232776,,,,,,,,,,,,,,,,,,,,,
Movie Revenue Prediction,,,,,,,,,,,,,,,60.0,164.36459173666643,,,,,,,,,,,,,,,,,,,,,
Movie Revenue Prediction,,,,,,,,,,,,,,,65.0,179.74926759886674,,,,,,,,,,,,,,,,,,,,,
Movie Revenue Prediction,,,,,,,,,,,,,,,50.0,127.86938815619412,,,,,,,,,,,,,,,,,,,,,
Movie Revenue Prediction,,,,,,,,,,,,,,,41.0,113.89149489563916,,,,,,,,,,,,,,,,,,,,,
Movie Revenue Prediction,,,,,,,,,,,,,,,24.0,68.47538893821337,,,,,,,,,,,,,,,,,,,,,
Movie Revenue Prediction,,,,,,,,,,,,,,,71.0,190.9961529036007,,,,,,,,,,,,,,,,,,,,,
Movie Revenue Prediction,,,,,,,,,,,,,,,164.0,413.91670393736575,,,,,,,,,,,,,,,,,,,,,
Electricity Usage,,,,,,,,,,,,,,,,,12.0,648.1446911282179,,,,,,,,,,,,,,,,,,,
Electricity Usage,,,,,,,,,,,,,,,,,1.0,136.96052596785466,,,,,,,,,,,,,,,,,,,
Electricity Usage,,,,,,,,,,,,,,,,,14.0,728.7785953011173,,,,,,,,,,,,,,,,,,,
Electricity Usage,,,,,,,,,,,,,,,,,11.0,597.1714803799769,,,,,,,,,,,,,,,,,,,
Electricity Usage,,,,,,,,,,,,,,,,,2.0,186.56831576532588,,,,,,,,,,,,,,,,,,,
Electricity Usage,,,,,,,,,,,,,,,,,10.0,545.7829922577148,,,,,,,,,,,,,,,,,,,
Electricity Usage,,,,,,,,,,,,,,,,,2.0,191.11117818315262,,,,,,,,,,,,,,,,,,,
Electricity Usage,,,,,,,,,,,,,,,,,4.0,280.3887995999554,,,,,,,,,,,,,,,,,,,
Electricity Usage,,,,,,,,,,,,,,,,,2.0,190.02969084707576,,,,,,,,,,,,,,,,,,,
Electricity Usage,,,,,,,,,,,,,,,,,7.0,419.29344255732815,,,,,,,,,,,,,,,,,,,
Electricity Usage,,,,,,,,,,,,,,,,,13.0,683.0276365328599,,,,,,,,,,,,,,,,,,,
Electricity Usage,,,,,,,,,,,,,,,,,9.0,506.597963248975,,,,,,,,,,,,,,,,,,,
Electricity Usage,,,,,,,,,,,,,,,,,7.0,412.4669859586209,,,,,,,,,,,,,,,,,,,
Electricity Usage,,,,,,,,,,,,,,,,,12.0,635.7533525708529,,,,,,,,,,,,,,,,,,,
Electricity Usage,,,,,,,,,,,,,,,,,6.0,368.5762068575499,,,,,,,,,,,,,,,,,,,
Electricity Usage,,,,,,,,,,,,,,,,,10.0,547.5061740640318,,,,,,,,,,,,,,,,,,,
Electricity Usage,,,,,,,,,,,,,,,,,1.0,142.7559809941861,,,,,,,,,,,,,,,,,,,
Electricity Usage,,,,,,,,,,,,,,,,,11.0,600.8266370890108,,,,,,,,,,,,,,,,,,,
Electricity Usage,,,,,,,,,,,,,,,,,10.0,548.7294827298223,,,,,,,,,,,,,,,,,,,
Electricity Usage,,,,,,,,,,,,,,,,,9.0,501.6854666386007,,,,,,,,,,,,,,,,,,,
Electricity Usage,,,,,,,,,,,,,,,,,5.0,325.14039387023996,,,,,,,,,,,,,,,,,,,
Electricity Usage,,,,,,,,,,,,,,,,,11.0,595.5211396956421,,,,,,,,,,,,,,,,,,,
Electricity Usage,,,,,,,,,,,,,,,,,5.0,319.0655938520296,,,,,,,,,,,,,,,,,,,
Electricity Usage,,,,,,,,,,,,,,,,,6.0,368.5079686403808,,,,,,,,,,,,,,,,,,,
Electricity Usage,,,,,,,,,,,,,,,,,9.0,503.306578379507,,,,,,,,,,,,,,,,,,,
Electricity Usage,,,,,,,,,,,,,,,,,13.0,684.1392786314576,,,,,,,,,,,,,,,,,,,
Electricity Usage,,,,,,,,,,,,,,,,,8.0,463.6276418651899,,,,,,,,,,,,,,,,,,,
Electricity Usage,,,,,,,,,,,,,,,,,8.0,460.6833593558144,,,,,,,,,,,,,,,,,,,
Electricity Usage,,,,,,,,,,,,,,,,,14.0,736.1396867369267,,,,,,,,,,,,,,,,,,,
Electricity Usage,,,,,,,,,,,,,,,,,8.0,459.9416982205559,,,,,,,,,,,,,,,,,,,
Electricity Usage,,,,,,,,,,,,,,,,,1.0,153.8804364019003,,,,,,,,,,,,,,,,,,,
Electricity Usage,,,,,,,,,,,,,,,,,1.0,142.69612493134173,,,,,,,,,,,,,,,,,,,
Electricity Usage,,,,,,,,,,,,,,,,,8.0,456.1521880941744,,,,,,,,,,,,,,,,,,,
Electricity Usage,,,,,,,,,,,,,,,,,5.0,327.73651337388486,,,,,,,,,,,,,,,,,,,
Electricity Usage,,,,,,,,,,,,,,,,,9.0,511.8204096873251,,,,,,,,,,,,,,,,,,,
Electricity Usage,,,,,,,,,,,,,,,,,2.0,183.10598347707386,,,,,,,,,,,,,,,,,,,
Electricity Usage,,,,,,,,,,,,,,,,,9.0,504.0150467589284,,,,,,,,,,,,,,,,,,,
Electricity Usage,,,,,,,,,,,,,,,,,12.0,636.9460902745707,,,,,,,,,,,,,,,,,,,
Electricity Usage,,,,,,,,,,,,,,,,,14.0,730.7142550649604,,,,,,,,,,,,,,,,,,,
Electricity Usage,,,,,,,,,,,,,,,,,8.0,460.050089617497,,,,,,,,,,,,,,,,,,,
Electricity Usage,,,,,,,,,,,,,,,,,9.0,511.7269062381386,,,,,,,,,,,,,,,,,,,
Electricity Usage,,,,,,,,,,,,,,,,,4.0,279.4579760356261,,,,,,,,,,,,,,,,,,,
Electricity Usage,,,,,,,,,,,,,,,,,1.0,151.87392049485115,,,,,,,,,,,,,,,,,,,
Electricity Usage,,,,,,,,,,,,,,,,,1.0,143.42449831990658,,,,,,,,,,,,,,,,,,,
Electricity Usage,,,,,,,,,,,,,,,,,5.0,329.6324093755261,,,,,,,,,,,,,,,,,,,
Electricity Usage,,,,,,,,,,,,,,,,,2.0,191.1433151406836,,,,,,,,,,,,,,,,,,,
Electricity Usage,,,,,,,,,,,,,,,,,14.0,738.6494269934173,,,,,,,,,,,,,,,,,,,
Electricity Usage,,,,,,,,,,,,,,,,,8.0,452.61492568592786,,,,,,,,,,,,,,,,,,,
Electricity Usage,,,,,,,,,,,,,,,,,10.0,544.1807114112008,,,,,,,,,,,,,,,,,,,
Electricity Usage,,,,,,,,,,,,,,,,,11.0,604.158111423292,,,,,,,,,,,,,,,,,,,
Life Expectancy Estimation,,,,,,,,,,,,,,,,,,,2364.0,47.27927453256823,,,,,,,,,,,,,,,,,
Life Expectancy Estimation,,,,,,,,,,,,,,,,,,,3708.0,48.13418320962069,,,,,,,,,,,,,,,,,
Life Expectancy Estimation,,,,,,,,,,,,,,,,,,,13982.0,51.214182072500726,,,,,,,,,,,,,,,,,
Life Expectancy Estimation,,,,,,,,,,,,,,,,,,,18308.0,63.065429782668616,,,,,,,,,,,,,,,,,
Life Expectancy Estimation,,,,,,,,,,,,,,,,,,,33919.0,57.300311933874376,,,,,,,,,,,,,,,,,
Life Expectancy Estimation,,,,,,,,,,,,,,,,,,,26161.0,60.5766520613883,,,,,,,,,,,,,,,,,
Life Expectancy Estimation,,,,,,,,,,,,,,,,,,,36089.0,63.10749089109731,,,,,,,,,,,,,,,,,
Life Expectancy Estimation,,,,,,,,,,,,,,,,,,,14865.0,61.12857791752217,,,,,,,,,,,,,,,,,
Life Expectancy Estimation,,,,,,,,,,,,,,,,,,,1495.0,47.77958668834177,,,,,,,,,,,,,,,,,
Life Expectancy Estimation,,,,,,,,,,,,,,,,,,,45755.0,70.37836289556637,,,,,,,,,,,,,,,,,
Life Expectancy Estimation,,,,,,,,,,,,,,,,,,,3148.0,45.40311913311365,,,,,,,,,,,,,,,,,
Life Expectancy Estimation,,,,,,,,,,,,,,,,,,,34324.0,75.09930519338602,,,,,,,,,,,,,,,,,
Life Expectancy Estimation,,,,,,,,,,,,,,,,,,,14393.0,54.55923837673145,,,,,,,,,,,,,,,,,
Life Expectancy Estimation,,,,,,,,,,,,,,,,,,,2552.0,51.064617424426835,,,,,,,,,,,,,,,,,
Life Expectancy Estimation,,,,,,,,,,,,,,,,,,,36853.0,73.01497179425272,,,,,,,,,,,,,,,,,
Life Expectancy Estimation,,,,,,,,,,,,,,,,,,,33924.0,60.63623612847395,,,,,,,,,,,,,,,,,
Life Expectancy Estimation,,,,,,,,,,,,,,,,,,,9926.0,62.30731171469308,,,,,,,,,,,,,,,,,
Life Expectancy Estimation,,,,,,,,,,,,,,,,,,,31851.0,60.6830441293102,,,,,,,,,,,,,,,,,
Life Expectancy Estimation,,,,,,,,,,,,,,,,,,,24889.0,63.3140909191063,,,,,,,,,,,,,,,,,
Life Expectancy Estimation,,,,,,,,,,,,,,,,,,,40930.0,63.50859179920351,,,,,,,,,,,,,,,,,
Life Expectancy Estimation,,,,,,,,,,,,,,,,,,,9055.0,46.84181777427633,,,,,,,,,,,,,,,,,
Life Expectancy Estimation,,,,,,,,,,,,,,,,,,,5654.0,54.33457175270308,,,,,,,,,,,,,,,,,
Life Expectancy Estimation,,,,,,,,,,,,,,,,,,,23634.0,62.65311700491767,,,,,,,,,,,,,,,,,
Life Expectancy Estimation,,,,,,,,,,,,,,,,,,,33363.0,56.7657712883688,,,,,,,,,,,,,,,,,
Life Expectancy Estimation,,,,,,,,,,,,,,,,,,,12468.0,53.45190840545644,,,,,,,,,,,,,,,,,
Life Expectancy Estimation,,,,,,,,,,,,,,,,,,,33922.0,69.57259480768454,,,,,,,,,,,,,,,,,
Life Expectancy Estimation,,,,,,,,,,,,,,,,,,,41718.0,69.68779475398306,,,,,,,,,,,,,,,,,
Life Expectancy Estimation,,,,,,,,,,,,,,,,,,,49091.0,67.66032499107976,,,,,,,,,,,,,,,,,
Life Expectancy Estimation,,,,,,,,,,,,,,,,,,,18380.0,54.364371491827725,,,,,,,,,,,,,,,,,
Life Expectancy Estimation,,,,,,,,,,,,,,,,,,,27870.0,70.88922162567388,,,,,,,,,,,,,,,,,
Life Expectancy Estimation,,,,,,,,,,,,,,,,,,,38394.0,58.122939650985714,,,,,,,,,,,,,,,,,
Life Expectancy Estimation,,,,,,,,,,,,,,,,,,,15259.0,55.807607127956985,,,,,,,,,,,,,,,,,
Life Expectancy Estimation,,,,,,,,,,,,,,,,,,,15873.0,49.02571563153028,,,,,,,,,,,,,,,,,
Life Expectancy Estimation,,,,,,,,,,,,,,,,,,,14016.0,62.18047322422141,,,,,,,,,,,,,,,,,
Life Expectancy Estimation,,,,,,,,,,,,,,,,,,,43137.0,67.21918193895831,,,,,,,,,,,,,,,,,
Life Expectancy Estimation,,,,,,,,,,,,,,,,,,,1153.0,51.352070423847174,,,,,,,,,,,,,,,,,
Life Expectancy Estimation,,,,,,,,,,,,,,,,,,,8853.0,67.38566154813805,,,,,,,,,,,,,,,,,
Life Expectancy Estimation,,,,,,,,,,,,,,,,,,,13379.0,52.38423662131803,,,,,,,,,,,,,,,,,
Life Expectancy Estimation,,,,,,,,,,,,,,,,,,,16792.0,65.45967957029266,,,,,,,,,,,,,,,,,
Life Expectancy Estimation,,,,,,,,,,,,,,,,,,,39367.0,63.79314042795907,,,,,,,,,,,,,,,,,
Life Expectancy Estimation,,,,,,,,,,,,,,,,,,,19100.0,56.47243771207551,,,,,,,,,,,,,,,,,
Life Expectancy Estimation,,,,,,,,,,,,,,,,,,,48553.0,82.612076283103,,,,,,,,,,,,,,,,,
Life Expectancy Estimation,,,,,,,,,,,,,,,,,,,12049.0,54.01414811369163,,,,,,,,,,,,,,,,,
Life Expectancy Estimation,,,,,,,,,,,,,,,,,,,1786.0,43.84254297852376,,,,,,,,,,,,,,,,,
Life Expectancy Estimation,,,,,,,,,,,,,,,,,,,5368.0,53.55679394063156,,,,,,,,,,,,,,,,,
Life Expectancy Estimation,,,,,,,,,,,,,,,,,,,31699.0,61.81591587416498,,,,,,,,,,,,,,,,,
Life Expectancy Estimation,,,,,,,,,,,,,,,,,,,48691.0,71.3118792086693,,,,,,,,,,,,,,,,,
Life Expectancy Estimation,,,,,,,,,,,,,,,,,,,38040.0,64.54801103336116,,,,,,,,,,,,,,,,,
Life Expectancy Estimation,,,,,,,,,,,,,,,,,,,28454.0,72.45932308102383,,,,,,,,,,,,,,,,,
Life Expectancy Estimation,,,,,,,,,,,,,,,,,,,39762.0,68.68847919417968,,,,,,,,,,,,,,,,,
Stock Market Trend Approximation,,,,,,,,,,,,,,,,,,,,,1.0,95.42517686137091,,,,,,,,,,,,,,,
Stock Market Trend Approximation,,,,,,,,,,,,,,,,,,,,,2.0,102.22273401011927,,,,,,,,,,,,,,,
Stock Market Trend Approximation,,,,,,,,,,,,,,,,,,,,,3.0,98.40185087916481,,,,,,,,,,,,,,,
Stock Market Trend Approximation,,,,,,,,,,,,,,,,,,,,,4.0,101.96143078748523,,,,,,,,,,,,,,,
Stock Market Trend Approximation,,,,,,,,,,,,,,,,,,,,,5.0,99.44779644716589,,,,,,,,,,,,,,,
Stock Market Trend Approximation,,,,,,,,,,,,,,,,,,,,,6.0,115.33559261603011,,,,,,,,,,,,,,,
Stock Market Trend Approximation,,,,,,,,,,,,,,,,,,,,,7.0,102.14307692410888,,,,,,,,,,,,,,,
Stock Market Trend Approximation,,,,,,,,,,,,,,,,,,,,,8.0,109.8378217599707,,,,,,,,,,,,,,,
Stock Market Trend Approximation,,,,,,,,,,,,,,,,,,,,,9.0,105.58260289061687,,,,,,,,,,,,,,,
Stock Market Trend Approximation,,,,,,,,,,,,,,,,,,,,,10.0,102.20793413713605,,,,,,,,,,,,,,,
Stock Market Trend Approximation,,,,,,,,,,,,,,,,,,,,,11.0,109.78824651449753,,,,,,,,,,,,,,,
Stock Market Trend Approximation,,,,,,,,,,,,,,,,,,,,,12.0,111.60345918542853,,,,,,,,,,,,,,,
Stock Market Trend Approximation,,,,,,,,,,,,,,,,,,,,,13.0,113.19313266377257,,,,,,,,,,,,,,,
Stock Market Trend Approximation,,,,,,,,,,,,,,,,,,,,,14.0,98.08890422729529,,,,,,,,,,,,,,,
Stock Market Trend Approximation,,,,,,,,,,,,,,,,,,,,,15.0,105.82577143165454,,,,,,,,,,,,,,,
Stock Market Trend Approximation,,,,,,,,,,,,,,,,,,,,,16.0,117.58777359510943,,,,,,,,,,,,,,,
Stock Market Trend Approximation,,,,,,,,,,,,,,,,,,,,,17.0,108.98196518695603,,,,,,,,,,,,,,,
Stock Market Trend Approximation,,,,,,,,,,,,,,,,,,,,,18.0,115.41472025155056,,,,,,,,,,,,,,,
Stock Market Trend Approximation,,,,,,,,,,,,,,,,,,,,,19.0,108.90987652385607,,,,,,,,,,,,,,,
Stock Market Trend Approximation,,,,,,,,,,,,,,,,,,,,,20.0,119.65800551079221,,,,,,,,,,,,,,,
Stock Market Trend Approximation,,,,,,,,,,,,,,,,,,,,,21.0,121.45634797997786,,,,,,,,,,,,,,,
Stock Market Trend Approximation,,,,,,,,,,,,,,,,,,,,,22.0,121.25954953086183,,,,,,,,,,,,,,,
Stock Market Trend Approximation,,,,,,,,,,,,,,,,,,,,,23.0,123.56278406176799,,,,,,,,,,,,,,,
Stock Market Trend Approximation,,,,,,,,,,,,,,,,,,,,,24.0,127.01950072449766,,,,,,,,,,,,,,,
Stock Market Trend Approximation,,,,,,,,,,,,,,,,,,,,,25.0,114.12962934195512,,,,,,,,,,,,,,,
Stock Market Trend Approximation,,,,,,,,,,,,,,,,,,,,,26.0,116.85664034424319,,,,,,,,,,,,,,,
Stock Market Trend Approximation,,,,,,,,,,,,,,,,,,,,,27.0,126.08771785151897,,,,,,,,,,,,,,,
Stock Market Trend Approximation,,,,,,,,,,,,,,,,,,,,,28.0,128.05109885918742,,,,,,,,,,,,,,,
Stock Market Trend Approximation,,,,,,,,,,,,,,,,,,,,,29.0,119.82828523214037,,,,,,,,,,,,,,,
Stock Market Trend Approximation,,,,,,,,,,,,,,,,,,,,,30.0,120.28056967337209,,,,,,,,,,,,,,,
Stock Market Trend Approximation,,,,,,,,,,,,,,,,,,,,,31.0,121.53893255034747,,,,,,,,,,,,,,,
Stock Market Trend Approximation,,,,,,,,,,,,,,,,,,,,,32.0,117.57452517978027,,,,,,,,,,,,,,,
Stock Market Trend Approximation,,,,,,,,,,,,,,,,,,,,,33.0,120.04294408912963,,,,,,,,,,,,,,,
Stock Market Trend Approximation,,,,,,,,,,,,,,,,,,,,,34.0,120.96353677484923,,,,,,,,,,,,,,,
Stock Market Trend Approximation,,,,,,,,,,,,,,,,,,,,,35.0,126.52950763097184,,,,,,,,,,,,,,,
Stock Market Trend Approximation,,,,,,,,,,,,,,,,,,,,,36.0,130.1541825791698,,,,,,,,,,,,,,,
Stock Market Trend Approximation,,,,,,,,,,,,,,,,,,,,,37.0,131.76736415821185,,,,,,,,,,,,,,,
Stock Market Trend Approximation,,,,,,,,,,,,,,,,,,,,,38.0,127.8571887336216,,,,,,,,,,,,,,,
Stock Market Trend Approximation,,,,,,,,,,,,,,,,,,,,,39.0,128.7800644185956,,,,,,,,,,,,,,,
Stock Market Trend Approximation,,,,,,,,,,,,,,,,,,,,,40.0,132.6183074757563,,,,,,,,,,,,,,,
Stock Market Trend Approximation,,,,,,,,,,,,,,,,,,,,,41.0,125.31992721425287,,,,,,,,,,,,,,,
Stock Market Trend Approximation,,,,,,,,,,,,,,,,,,,,,42.0,138.39720266041545,,,,,,,,,,,,,,,
Stock Market Trend Approximation,,,,,,,,,,,,,,,,,,,,,43.0,140.82692639507135,,,,,,,,,,,,,,,
Stock Market Trend Approximation,,,,,,,,,,,,,,,,,,,,,44.0,132.0720968115598,,,,,,,,,,,,,,,
Stock Market Trend Approximation,,,,,,,,,,,,,,,,,,,,,45.0,134.0078192032561,,,,,,,,,,,,,,,
Stock Market Trend Approximation,,,,,,,,,,,,,,,,,,,,,46.0,143.01656112422586,,,,,,,,,,,,,,,
Stock Market Trend Approximation,,,,,,,,,,,,,,,,,,,,,47.0,136.9847420450505,,,,,,,,,,,,,,,
Stock Market Trend Approximation,,,,,,,,,,,,,,,,,,,,,48.0,141.34122722975815,,,,,,,,,,,,,,,
Stock Market Trend Approximation,,,,,,,,,,,,,,,,,,,,,49.0,138.73847303099612,,,,,,,,,,,,,,,
Stock Market Trend Approximation,,,,,,,,,,,,,,,,,,,,,50.0,147.78153694240137,,,,,,,,,,,,,,,
House Rent Prediction,,,,,,,,,,,,,,,,,,,,,,,966.0,1751.4503981412574,,,,,,,,,,,,,
House Rent Prediction,,,,,,,,,,,,,,,,,,,,,,,1065.0,1900.238278859596,,,,,,,,,,,,,
House Rent Prediction,,,,,,,,,,,,,,,,,,,,,,,1731.0,2899.331532693668,,,,,,,,,,,,,
House Rent Prediction,,,,,,,,,,,,,,,,,,,,,,,2198.0,3594.2244313183614,,,,,,,,,,,,,
House Rent Prediction,,,,,,,,,,,,,,,,,,,,,,,1469.0,2501.1838043153875,,,,,,,,,,,,,
House Rent Prediction,,,,,,,,,,,,,,,,,,,,,,,807.0,1514.3462281978,,,,,,,,,,,,,
House Rent Prediction,,,,,,,,,,,,,,,,,,,,,,,1612.0,2718.632064147168,,,,,,,,,,,,,
House Rent Prediction,,,,,,,,,,,,,,,,,,,,,,,2253.0,3673.611944960941,,,,,,,,,,,,,
House Rent Prediction,,,,,,,,,,,,,,,,,,,,,,,1552.0,2637.365522123124,,,,,,,,,,,,,
House Rent Prediction,,,,,,,,,,,,,,,,,,,,,,,1541.0,2616.3903593364853,,,,,,,,,,,,,
House Rent Prediction,,,,,,,,,,,,,,,,,,,,,,,543.0,1114.688131619225,,,,,,,,,,,,,
House Rent Prediction,,,,,,,,,,,,,,,,,,,,,,,886.0,1627.6324950910002,,,,,,,,,,,,,
House Rent Prediction,,,,,,,,,,,,,,,,,,,,,,,1259.0,2189.4933792876504,,,,,,,,,,,,,
House Rent Prediction,,,,,,,,,,,,,,,,,,,,,,,2335.0,3805.0876004957872,,,,,,,,,,,,,
House Rent Prediction,,,,,,,,,,,,,,,,,,,,,,,547.0,1110.3349963216497,,,,,,,,,,,,,
House Rent Prediction,,,,,,,,,,,,,,,,,,,,,,,1759.0,2949.0617485474286,,,,,,,,,,,,,
House Rent Prediction,,,,,,,,,,,,,,,,,,,,,,,1757.0,2931.5505784541656,,,,,,,,,,,,,
House Rent Prediction,,,,,,,,,,,,,,,,,,,,,,,489.0,1033.4904718350563,,,,,,,,,,,,,
House Rent Prediction,,,,,,,,,,,,,,,,,,,,,,,1757.0,2935.674334413896,,,,,,,,,,,,,
House Rent Prediction,,,,,,,,,,,,,,,,,,,,,,,598.0,1206.9842510934443,,,,,,,,,,,,,
House Rent Prediction,,,,,,,,,,,,,,,,,,,,,,,937.0,1705.0593807949665,,,,,,,,,,,,,
House Rent Prediction,,,,,,,,,,,,,,,,,,,,,,,700.0,1357.942536471768,,,,,,,,,,,,,
House Rent Prediction,,,,,,,,,,,,,,,,,,,,,,,1123.0,1986.5336373473056,,,,,,,,,,,,,
House Rent Prediction,,,,,,,,,,,,,,,,,,,,,,,1998.0,3292.19057568897,,,,,,,,,,,,,
House Rent Prediction,,,,,,,,,,,,,,,,,,,,,,,1859.0,3089.173537340514,,,,,,,,,,,,,
House Rent Prediction,,,,,,,,,,,,,,,,,,,,,,,467.0,999.9074563914254,,,,,,,,,,,,,
House Rent Prediction,,,,,,,,,,,,,,,,,,,,,,,1937.0,3200.0796475754787,,,,,,,,,,,,,
House Rent Prediction,,,,,,,,,,,,,,,,,,,,,,,797.0,1497.2886138473611,,,,,,,,,,,,,
House Rent Prediction,,,,,,,,,,,,,,,,,,,,,,,1019.0,1828.6105137492493,,,,,,,,,,,,,
House Rent Prediction,,,,,,,,,,,,,,,,,,,,,,,1984.0,3278.7821085272926,,,,,,,,,,,,,
House Rent Prediction,,,,,,,,,,,,,,,,,,,,,,,1563.0,2645.4667638979918,,,,,,,,,,,,,
House Rent Prediction,,,,,,,,,,,,,,,,,,,,,,,1129.0,1990.2444855149297,,,,,,,,,,,,,
House Rent Prediction,,,,,,,,,,,,,,,,,,,,,,,955.0,1736.3416699614515,,,,,,,,,,,,,
House Rent Prediction,,,,,,,,,,,,,,,,,,,,,,,2352.0,3824.8780085987323,,,,,,,,,,,,,
House Rent Prediction,,,,,,,,,,,,,,,,,,,,,,,2151.0,3511.0016473860837,,,,,,,,,,,,,
House Rent Prediction,,,,,,,,,,,,,,,,,,,,,,,1395.0,2393.143264739771,,,,,,,,,,,,,
House Rent Prediction,,,,,,,,,,,,,,,,,,,,,,,2359.0,3835.72963136383,,,,,,,,,,,,,
House Rent Prediction,,,,,,,,,,,,,,,,,,,,,,,2001.0,3303.410652521983,,,,,,,,,,,,,
House Rent Prediction,,,,,,,,,,,,,,,,,,,,,,,1880.0,3129.9943586796985,,,,,,,,,,,,,
House Rent Prediction,,,,,,,,,,,,,,,,,,,,,,,1502.0,2563.13869846574,,,,,,,,,,,,,
House Rent Prediction,,,,,,,,,,,,,,,,,,,,,,,1803.0,3003.6743853888906,,,,,,,,,,,,,
House Rent Prediction,,,,,,,,,,,,,,,,,,,,,,,1699.0,2844.3674241437698,,,,,,,,,,,,,
House Rent Prediction,,,,,,,,,,,,,,,,,,,,,,,2122.0,3485.9234164095897,,,,,,,,,,,,,
House Rent Prediction,,,,,,,,,,,,,,,,,,,,,,,1298.0,2245.1488720406683,,,,,,,,,,,,,
House Rent Prediction,,,,,,,,,,,,,,,,,,,,,,,1606.0,2710.9588826117347,,,,,,,,,,,,,
House Rent Prediction,,,,,,,,,,,,,,,,,,,,,,,1935.0,3199.195696188866,,,,,,,,,,,,,
House Rent Prediction,,,,,,,,,,,,,,,,,,,,,,,477.0,1016.7534620801138,,,,,,,,,,,,,
House Rent Prediction,,,,,,,,,,,,,,,,,,,,,,,1932.0,3193.940129238533,,,,,,,,,,,,,
House Rent Prediction,,,,,,,,,,,,,,,,,,,,,,,637.0,1261.4212670801573,,,,,,,,,,,,,
House Rent Prediction,,,,,,,,,,,,,,,,,,,,,,,1557.0,2632.550111546237,,,,,,,,,,,,,
Agricultural Yield Prediction,,,,,,,,,,,,,,,,,,,,,,,,,291.0,22.855512678674845,,,,,,,,,,,
Agricultural Yield Prediction,,,,,,,,,,,,,,,,,,,,,,,,,455.0,21.426163584072405,,,,,,,,,,,
Agricultural Yield Prediction,,,,,,,,,,,,,,,,,,,,,,,,,377.0,27.755869283053457,,,,,,,,,,,
Agricultural Yield Prediction,,,,,,,,,,,,,,,,,,,,,,,,,117.0,6.018079653658999,,,,,,,,,,,
Agricultural Yield Prediction,,,,,,,,,,,,,,,,,,,,,,,,,623.0,37.455884034872554,,,,,,,,,,,
Agricultural Yield Prediction,,,,,,,,,,,,,,,,,,,,,,,,,279.0,24.066004866739934,,,,,,,,,,,
Agricultural Yield Prediction,,,,,,,,,,,,,,,,,,,,,,,,,222.0,15.100085507216106,,,,,,,,,,,
Agricultural Yield Prediction,,,,,,,,,,,,,,,,,,,,,,,,,345.0,17.104165446270336,,,,,,,,,,,
Agricultural Yield Prediction,,,,,,,,,,,,,,,,,,,,,,,,,833.0,49.13406253567961,,,,,,,,,,,
Agricultural Yield Prediction,,,,,,,,,,,,,,,,,,,,,,,,,472.0,24.39509300506726,,,,,,,,,,,
Agricultural Yield Prediction,,,,,,,,,,,,,,,,,,,,,,,,,150.0,10.478772004013855,,,,,,,,,,,
Agricultural Yield Prediction,,,,,,,,,,,,,,,,,,,,,,,,,170.0,14.827313297478636,,,,,,,,,,,
Agricultural Yield Prediction,,,,,,,,,,,,,,,,,,,,,,,,,579.0,40.75338018053853,,,,,,,,,,,
Agricultural Yield Prediction,,,,,,,,,,,,,,,,,,,,,,,,,659.0,38.082766768997345,,,,,,,,,,,
Agricultural Yield Prediction,,,,,,,,,,,,,,,,,,,,,,,,,118.0,11.014287549225617,,,,,,,,,,,
Agricultural Yield Prediction,,,,,,,,,,,,,,,,,,,,,,,,,873.0,52.337564468114266,,,,,,,,,,,
Agricultural Yield Prediction,,,,,,,,,,,,,,,,,,,,,,,,,183.0,14.401859483364984,,,,,,,,,,,
Agricultural Yield Prediction,,,,,,,,,,,,,,,,,,,,,,,,,254.0,20.877650999164494,,,,,,,,,,,
Agricultural Yield Prediction,,,,,,,,,,,,,,,,,,,,,,,,,664.0,43.59266773031474,,,,,,,,,,,
Agricultural Yield Prediction,,,,,,,,,,,,,,,,,,,,,,,,,718.0,39.26131424866,,,,,,,,,,,
Agricultural Yield Prediction,,,,,,,,,,,,,,,,,,,,,,,,,456.0,11.424946830432724,,,,,,,,,,,
Agricultural Yield Prediction,,,,,,,,,,,,,,,,,,,,,,,,,915.0,46.66036453207267,,,,,,,,,,,
Agricultural Yield Prediction,,,,,,,,,,,,,,,,,,,,,,,,,746.0,48.343410054176516,,,,,,,,,,,
Agricultural Yield Prediction,,,,,,,,,,,,,,,,,,,,,,,,,542.0,31.931176093011732,,,,,,,,,,,
Agricultural Yield Prediction,,,,,,,,,,,,,,,,,,,,,,,,,168.0,11.704348645360504,,,,,,,,,,,
Agricultural Yield Prediction,,,,,,,,,,,,,,,,,,,,,,,,,622.0,41.933924966016036,,,,,,,,,,,
Agricultural Yield Prediction,,,,,,,,,,,,,,,,,,,,,,,,,242.0,16.593375418850524,,,,,,,,,,,
Agricultural Yield Prediction,,,,,,,,,,,,,,,,,,,,,,,,,291.0,9.087333971254221,,,,,,,,,,,
Agricultural Yield Prediction,,,,,,,,,,,,,,,,,,,,,,,,,486.0,21.773489694958283,,,,,,,,,,,
Agricultural Yield Prediction,,,,,,,,,,,,,,,,,,,,,,,,,477.0,30.94324010408453,,,,,,,,,,,
Agricultural Yield Prediction,,,,,,,,,,,,,,,,,,,,,,,,,680.0,38.665545292026366,,,,,,,,,,,
Agricultural Yield Prediction,,,,,,,,,,,,,,,,,,,,,,,,,634.0,43.97328239414611,,,,,,,,,,,
Agricultural Yield Prediction,,,,,,,,,,,,,,,,,,,,,,,,,792.0,40.93365658097912,,,,,,,,,,,
Agricultural Yield Prediction,,,,,,,,,,,,,,,,,,,,,,,,,392.0,23.052496189981028,,,,,,,,,,,
Agricultural Yield Prediction,,,,,,,,,,,,,,,,,,,,,,,,,108.0,5.977484634699901,,,,,,,,,,,
Agricultural Yield Prediction,,,,,,,,,,,,,,,,,,,,,,,,,370.0,20.897029111597735,,,,,,,,,,,
Agricultural Yield Prediction,,,,,,,,,,,,,,,,,,,,,,,,,486.0,19.84048049373188,,,,,,,,,,,
Agricultural Yield Prediction,,,,,,,,,,,,,,,,,,,,,,,,,192.0,12.671576679747343,,,,,,,,,,,
Agricultural Yield Prediction,,,,,,,,,,,,,,,,,,,,,,,,,628.0,36.1406556811505,,,,,,,,,,,
Agricultural Yield Prediction,,,,,,,,,,,,,,,,,,,,,,,,,253.0,16.96834578767158,,,,,,,,,,,
Agricultural Yield Prediction,,,,,,,,,,,,,,,,,,,,,,,,,504.0,40.94776631866405,,,,,,,,,,,
Agricultural Yield Prediction,,,,,,,,,,,,,,,,,,,,,,,,,939.0,61.117422885884906,,,,,,,,,,,
Agricultural Yield Prediction,,,,,,,,,,,,,,,,,,,,,,,,,248.0,13.645502645194572,,,,,,,,,,,
Agricultural Yield Prediction,,,,,,,,,,,,,,,,,,,,,,,,,988.0,44.18031652673703,,,,,,,,,,,
Agricultural Yield Prediction,,,,,,,,,,,,,,,,,,,,,,,,,366.0,22.803998235342217,,,,,,,,,,,
Agricultural Yield Prediction,,,,,,,,,,,,,,,,,,,,,,,,,521.0,32.932550690853105,,,,,,,,,,,
Agricultural Yield Prediction,,,,,,,,,,,,,,,,,,,,,,,,,939.0,47.647579633085826,,,,,,,,,,,
Agricultural Yield Prediction,,,,,,,,,,,,,,,,,,,,,,,,,717.0,36.795121830371386,,,,,,,,,,,
Agricultural Yield Prediction,,,,,,,,,,,,,,,,,,,,,,,,,571.0,41.46277484656266,,,,,,,,,,,
Agricultural Yield Prediction,,,,,,,,,,,,,,,,,,,,,,,,,992.0,53.31224214427348,,,,,,,,,,,
Advertising Effectiveness,,,,,,,,,,,,,,,,,,,,,,,,,,,9738.0,9793.71125092848,,,,,,,,,
Advertising Effectiveness,,,,,,,,,,,,,,,,,,,,,,,,,,,5726.0,6576.148471510728,,,,,,,,,
Advertising Effectiveness,,,,,,,,,,,,,,,,,,,,,,,,,,,8670.0,8935.715297706376,,,,,,,,,
Advertising Effectiveness,,,,,,,,,,,,,,,,,,,,,,,,,,,4723.0,5776.718308231827,,,,,,,,,
Advertising Effectiveness,,,,,,,,,,,,,,,,,,,,,,,,,,,1363.0,3087.0231338059834,,,,,,,,,
Advertising Effectiveness,,,,,,,,,,,,,,,,,,,,,,,,,,,4309.0,5452.976502057609,,,,,,,,,
Advertising Effectiveness,,,,,,,,,,,,,,,,,,,,,,,,,,,1545.0,3229.0556149518347,,,,,,,,,
Advertising Effectiveness,,,,,,,,,,,,,,,,,,,,,,,,,,,4240.0,5393.500284127556,,,,,,,,,
Advertising Effectiveness,,,,,,,,,,,,,,,,,,,,,,,,,,,7665.0,8130.224391722548,,,,,,,,,
Advertising Effectiveness,,,,,,,,,,,,,,,,,,,,,,,,,,,2936.0,4350.87412241018,,,,,,,,,
Advertising Effectiveness,,,,,,,,,,,,,,,,,,,,,,,,,,,1882.0,3503.8921168389084,,,,,,,,,
Advertising Effectiveness,,,,,,,,,,,,,,,,,,,,,,,,,,,4840.0,5876.335965309595,,,,,,,,,
Advertising Effectiveness,,,,,,,,,,,,,,,,,,,,,,,,,,,7923.0,8333.70148700874,,,,,,,,,
Advertising Effectiveness,,,,,,,,,,,,,,,,,,,,,,,,,,,5611.0,6494.587765958377,,,,,,,,,
Advertising Effectiveness,,,,,,,,,,,,,,,,,,,,,,,,,,,6204.0,6963.055986526629,,,,,,,,,
Advertising Effectiveness,,,,,,,,,,,,,,,,,,,,,,,,,,,8288.0,8623.757487354926,,,,,,,,,
Advertising Effectiveness,,,,,,,,,,,,,,,,,,,,,,,,,,,4203.0,5365.801077279514,,,,,,,,,
Advertising Effectiveness,,,,,,,,,,,,,,,,,,,,,,,,,,,3244.0,4594.205751282412,,,,,,,,,
Advertising Effectiveness,,,,,,,,,,,,,,,,,,,,,,,,,,,1018.0,2805.8608103693023,,,,,,,,,
Advertising Effectiveness,,,,,,,,,,,,,,,,,,,,,,,,,,,1641.0,3314.4623404187946,,,,,,,,,
Advertising Effectiveness,,,,,,,,,,,,,,,,,,,,,,,,,,,4083.0,5271.432978576388,,,,,,,,,
Advertising Effectiveness,,,,,,,,,,,,,,,,,,,,,,,,,,,6200.0,6966.410678701801,,,,,,,,,
Advertising Effectiveness,,,,,,,,,,,,,,,,,,,,,,,,,,,9521.0,9614.908240587001,,,,,,,,,
Advertising Effectiveness,,,,,,,,,,,,,,,,,,,,,,,,,,,1865.0,3492.7265902766285,,,,,,,,,
Advertising Effectiveness,,,,,,,,,,,,,,,,,,,,,,,,,,,1773.0,3418.6526817139647,,,,,,,,,
Advertising Effectiveness,,,,,,,,,,,,,,,,,,,,,,,,,,,5732.0,6593.049013157857,,,,,,,,,
Advertising Effectiveness,,,,,,,,,,,,,,,,,,,,,,,,,,,4518.0,5610.347557088133,,,,,,,,,
Advertising Effectiveness,,,,,,,,,,,,,,,,,,,,,,,,,,,7795.0,8233.676702738978,,,,,,,,,
Advertising Effectiveness,,,,,,,,,,,,,,,,,,,,,,,,,,,7984.0,8383.026398452752,,,,,,,,,
Advertising Effectiveness,,,,,,,,,,,,,,,,,,,,,,,,,,,3567.0,4846.354247384436,,,,,,,,,
Advertising Effectiveness,,,,,,,,,,,,,,,,,,,,,,,,,,,2674.0,4140.438935905261,,,,,,,,,
Advertising Effectiveness,,,,,,,,,,,,,,,,,,,,,,,,,,,1739.0,3399.206491658888,,,,,,,,,
Advertising Effectiveness,,,,,,,,,,,,,,,,,,,,,,,,,,,2545.0,4035.007577707425,,,,,,,,,
Advertising Effectiveness,,,,,,,,,,,,,,,,,,,,,,,,,,,6127.0,6897.190516892285,,,,,,,,,
Advertising Effectiveness,,,,,,,,,,,,,,,,,,,,,,,,,,,7947.0,8358.53429851116,,,,,,,,,
Advertising Effectiveness,,,,,,,,,,,,,,,,,,,,,,,,,,,7620.0,8098.9455908938635,,,,,,,,,
Advertising Effectiveness,,,,,,,,,,,,,,,,,,,,,,,,,,,5555.0,6443.218184312817,,,,,,,,,
Advertising Effectiveness,,,,,,,,,,,,,,,,,,,,,,,,,,,6645.0,7323.017676659771,,,,,,,,,
Advertising Effectiveness,,,,,,,,,,,,,,,,,,,,,,,,,,,9943.0,9950.338190528564,,,,,,,,,
Advertising Effectiveness,,,,,,,,,,,,,,,,,,,,,,,,,,,8124.0,8497.765151817439,,,,,,,,,
Advertising Effectiveness,,,,,,,,,,,,,,,,,,,,,,,,,,,4732.0,5787.079939524215,,,,,,,,,
Advertising Effectiveness,,,,,,,,,,,,,,,,,,,,,,,,,,,3283.0,4628.364818763089,,,,,,,,,
Advertising Effectiveness,,,,,,,,,,,,,,,,,,,,,,,,,,,9669.0,9735.436140461492,,,,,,,,,
Advertising Effectiveness,,,,,,,,,,,,,,,,,,,,,,,,,,,7998.0,8392.007900388217,,,,,,,,,
Advertising Effectiveness,,,,,,,,,,,,,,,,,,,,,,,,,,,6413.0,7142.090057021032,,,,,,,,,
Advertising Effectiveness,,,,,,,,,,,,,,,,,,,,,,,,,,,2269.0,3814.0201504247693,,,,,,,,,
Advertising Effectiveness,,,,,,,,,,,,,,,,,,,,,,,,,,,8868.0,9094.951337592925,,,,,,,,,
Advertising Effectiveness,,,,,,,,,,,,,,,,,,,,,,,,,,,3603.0,4885.483805465865,,,,,,,,,
Advertising Effectiveness,,,,,,,,,,,,,,,,,,,,,,,,,,,6961.0,7565.617473186752,,,,,,,,,
Advertising Effectiveness,,,,,,,,,,,,,,,,,,,,,,,,,,,9569.0,9655.484632104355,,,,,,,,,
Bike Sharing Demand,,,,,,,,,,15.0,,,,,,,,,,,,,,,,,,,1696.6140488117335,,,,,,,,
Bike Sharing Demand,,,,,,,,,,26.0,,,,,,,,,,,,,,,,,,,2802.0777537073714,,,,,,,,
Bike Sharing Demand,,,,,,,,,,28.0,,,,,,,,,,,,,,,,,,,2998.619886757222,,,,,,,,
Bike Sharing Demand,,,,,,,,,,27.0,,,,,,,,,,,,,,,,,,,2901.343592636523,,,,,,,,
Bike Sharing Demand,,,,,,,,,,15.0,,,,,,,,,,,,,,,,,,,1694.767313267572,,,,,,,,
Bike Sharing Demand,,,,,,,,,,33.0,,,,,,,,,,,,,,,,,,,3495.855417829969,,,,,,,,
Bike Sharing Demand,,,,,,,,,,28.0,,,,,,,,,,,,,,,,,,,2993.174296615716,,,,,,,,
Bike Sharing Demand,,,,,,,,,,19.0,,,,,,,,,,,,,,,,,,,2096.447349603369,,,,,,,,
Bike Sharing Demand,,,,,,,,,,33.0,,,,,,,,,,,,,,,,,,,3487.1323787815095,,,,,,,,
Bike Sharing Demand,,,,,,,,,,17.0,,,,,,,,,,,,,,,,,,,1898.464498971561,,,,,,,,
Bike Sharing Demand,,,,,,,,,,30.0,,,,,,,,,,,,,,,,,,,3197.328798640185,,,,,,,,
Bike Sharing Demand,,,,,,,,,,33.0,,,,,,,,,,,,,,,,,,,3500.754554818125,,,,,,,,
Bike Sharing Demand,,,,,,,,,,15.0,,,,,,,,,,,,,,,,,,,1700.2230386221715,,,,,,,,
Bike Sharing Demand,,,,,,,,,,30.0,,,,,,,,,,,,,,,,,,,3206.2853988424054,,,,,,,,
Bike Sharing Demand,,,,,,,,,,34.0,,,,,,,,,,,,,,,,,,,3612.9715509238704,,,,,,,,
Bike Sharing Demand,,,,,,,,,,39.0,,,,,,,,,,,,,,,,,,,4105.687695065753,,,,,,,,
Bike Sharing Demand,,,,,,,,,,16.0,,,,,,,,,,,,,,,,,,,1797.7344620531246,,,,,,,,
Bike Sharing Demand,,,,,,,,,,33.0,,,,,,,,,,,,,,,,,,,3497.5330462514507,,,,,,,,
Bike Sharing Demand,,,,,,,,,,10.0,,,,,,,,,,,,,,,,,,,1204.3433152117786,,,,,,,,
Bike Sharing Demand,,,,,,,,,,36.0,,,,,,,,,,,,,,,,,,,3791.5832765271357,,,,,,,,
Bike Sharing Demand,,,,,,,,,,27.0,,,,,,,,,,,,,,,,,,,2898.4239853691824,,,,,,,,
Bike Sharing Demand,,,,,,,,,,33.0,,,,,,,,,,,,,,,,,,,3498.8092353247807,,,,,,,,
Bike Sharing Demand,,,,,,,,,,37.0,,,,,,,,,,,,,,,,,,,3902.920657424094,,,,,,,,
Bike Sharing Demand,,,,,,,,,,34.0,,,,,,,,,,,,,,,,,,,3603.069331730704,,,,,,,,
Bike Sharing Demand,,,,,,,,,,29.0,,,,,,,,,,,,,,,,,,,3096.277197298035,,,,,,,,
Bike Sharing Demand,,,,,,,,,,21.0,,,,,,,,,,,,,,,,,,,2297.9281366914743,,,,,,,,
Bike Sharing Demand,,,,,,,,,,25.0,,,,,,,,,,,,,,,,,,,2702.2255212741634,,,,,,,,
Bike Sharing Demand,,,,,,,,,,19.0,,,,,,,,,,,,,,,,,,,2096.005396720406,,,,,,,,
Bike Sharing Demand,,,,,,,,,,36.0,,,,,,,,,,,,,,,,,,,3806.0305921738714,,,,,,,,
Bike Sharing Demand,,,,,,,,,,19.0,,,,,,,,,,,,,,,,,,,2103.045876167201,,,,,,,,
Bike Sharing Demand,,,,,,,,,,23.0,,,,,,,,,,,,,,,,,,,2500.857547740974,,,,,,,,
Bike Sharing Demand,,,,,,,,,,34.0,,,,,,,,,,,,,,,,,,,3601.9547029914047,,,,,,,,
Bike Sharing Demand,,,,,,,,,,29.0,,,,,,,,,,,,,,,,,,,3097.665546915296,,,,,,,,
Bike Sharing Demand,,,,,,,,,,19.0,,,,,,,,,,,,,,,,,,,2096.8685428890617,,,,,,,,
Bike Sharing Demand,,,,,,,,,,19.0,,,,,,,,,,,,,,,,,,,2097.8763889193065,,,,,,,,
Bike Sharing Demand,,,,,,,,,,35.0,,,,,,,,,,,,,,,,,,,3702.499833461299,,,,,,,,
Bike Sharing Demand,,,,,,,,,,34.0,,,,,,,,,,,,,,,,,,,3601.005074903543,,,,,,,,
Bike Sharing Demand,,,,,,,,,,20.0,,,,,,,,,,,,,,,,,,,2197.8864277015364,,,,,,,,
Bike Sharing Demand,,,,,,,,,,32.0,,,,,,,,,,,,,,,,,,,3403.7479087165384,,,,,,,,
Bike Sharing Demand,,,,,,,,,,11.0,,,,,,,,,,,,,,,,,,,1299.1302678883192,,,,,,,,
Bike Sharing Demand,,,,,,,,,,34.0,,,,,,,,,,,,,,,,,,,3596.5334462720543,,,,,,,,
Bike Sharing Demand,,,,,,,,,,29.0,,,,,,,,,,,,,,,,,,,3101.2717075464925,,,,,,,,
Bike Sharing Demand,,,,,,,,,,17.0,,,,,,,,,,,,,,,,,,,1894.9348524418858,,,,,,,,
Bike Sharing Demand,,,,,,,,,,39.0,,,,,,,,,,,,,,,,,,,4091.5638812503216,,,,,,,,
Bike Sharing Demand,,,,,,,,,,32.0,,,,,,,,,,,,,,,,,,,3399.9744771221735,,,,,,,,
Bike Sharing Demand,,,,,,,,,,38.0,,,,,,,,,,,,,,,,,,,3996.712931031446,,,,,,,,
Bike Sharing Demand,,,,,,,,,,16.0,,,,,,,,,,,,,,,,,,,1798.7292282366507,,,,,,,,
Bike Sharing Demand,,,,,,,,,,17.0,,,,,,,,,,,,,,,,,,,1895.1663354092777,,,,,,,,
Bike Sharing Demand,,,,,,,,,,10.0,,,,,,,,,,,,,,,,,,,1206.0446606985129,,,,,,,,
Bike Sharing Demand,,,,,,,,,,30.0,,,,,,,,,,,,,,,,,,,3196.6925362803595,,,,,,,,
Medical Cost Estimation,,,,,,,,,,,,,,,,,,,,,,,,,,,,,,20.017806330682095,11003.181902313774,,,,,,
Medical Cost Estimation,,,,,,,,,,,,,,,,,,,,,,,,,,,,,,17.011254641668888,10105.265808838582,,,,,,
Medical Cost Estimation,,,,,,,,,,,,,,,,,,,,,,,,,,,,,,22.865229701984305,11852.685839103679,,,,,,
Medical Cost Estimation,,,,,,,,,,,,,,,,,,,,,,,,,,,,,,27.33425415293552,13193.023497014414,,,,,,
Medical Cost Estimation,,,,,,,,,,,,,,,,,,,,,,,,,,,,,,32.2159787383099,14666.698385671438,,,,,,
Medical Cost Estimation,,,,,,,,,,,,,,,,,,,,,,,,,,,,,,21.923937733606554,11574.956581929657,,,,,,
Medical Cost Estimation,,,,,,,,,,,,,,,,,,,,,,,,,,,,,,28.075735022489233,13418.213031212299,,,,,,
Medical Cost Estimation,,,,,,,,,,,,,,,,,,,,,,,,,,,,,,22.00397362046438,11604.20895200405,,,,,,
Medical Cost Estimation,,,,,,,,,,,,,,,,,,,,,,,,,,,,,,27.344391659889162,13199.25788967121,,,,,,
Medical Cost Estimation,,,,,,,,,,,,,,,,,,,,,,,,,,,,,,32.69615894061302,14807.47512068616,,,,,,
Medical Cost Estimation,,,,,,,,,,,,,,,,,,,,,,,,,,,,,,19.62715284518818,10883.665201216592,,,,,,
Medical Cost Estimation,,,,,,,,,,,,,,,,,,,,,,,,,,,,,,23.084832842140784,11926.967038573484,,,,,,
Medical Cost Estimation,,,,,,,,,,,,,,,,,,,,,,,,,,,,,,34.865303928594926,15466.251559542061,,,,,,
Medical Cost Estimation,,,,,,,,,,,,,,,,,,,,,,,,,,,,,,32.37114056498922,14702.036969850105,,,,,,
Medical Cost Estimation,,,,,,,,,,,,,,,,,,,,,,,,,,,,,,26.29279715792404,12888.402435820964,,,,,,
Medical Cost Estimation,,,,,,,,,,,,,,,,,,,,,,,,,,,,,,25.332551837085507,12604.048493335084,,,,,,
Medical Cost Estimation,,,,,,,,,,,,,,,,,,,,,,,,,,,,,,20.69200764609362,11205.494905091558,,,,,,
Medical Cost Estimation,,,,,,,,,,,,,,,,,,,,,,,,,,,,,,25.344188553870588,12597.601354289698,,,,,,
Medical Cost Estimation,,,,,,,,,,,,,,,,,,,,,,,,,,,,,,31.963629965598944,14591.19380731532,,,,,,
Medical Cost Estimation,,,,,,,,,,,,,,,,,,,,,,,,,,,,,,28.70349026555561,13616.055347183568,,,,,,
Medical Cost Estimation,,,,,,,,,,,,,,,,,,,,,,,,,,,,,,20.80088056355973,11244.716779956147,,,,,,
Medical Cost Estimation,,,,,,,,,,,,,,,,,,,,,,,,,,,,,,19.029278421070657,10710.61307301077,,,,,,
Medical Cost Estimation,,,,,,,,,,,,,,,,,,,,,,,,,,,,,,20.30417073993658,11091.740790669017,,,,,,
Medical Cost Estimation,,,,,,,,,,,,,,,,,,,,,,,,,,,,,,18.39518402785653,10514.060145580039,,,,,,
Medical Cost Estimation,,,,,,,,,,,,,,,,,,,,,,,,,,,,,,16.91281392047432,10078.170400894016,,,,,,
Medical Cost Estimation,,,,,,,,,,,,,,,,,,,,,,,,,,,,,,23.3827234888411,12018.866830719093,,,,,,
Medical Cost Estimation,,,,,,,,,,,,,,,,,,,,,,,,,,,,,,17.265992087965355,10174.107334796328,,,,,,
Medical Cost Estimation,,,,,,,,,,,,,,,,,,,,,,,,,,,,,,18.438251154542087,10533.297745001859,,,,,,
Medical Cost Estimation,,,,,,,,,,,,,,,,,,,,,,,,,,,,,,25.946493686789722,12787.212225414514,,,,,,
Medical Cost Estimation,,,,,,,,,,,,,,,,,,,,,,,,,,,,,,18.291985473991495,10492.006211057826,,,,,,
Medical Cost Estimation,,,,,,,,,,,,,,,,,,,,,,,,,,,,,,16.277595348618057,9882.903656489781,,,,,,
Medical Cost Estimation,,,,,,,,,,,,,,,,,,,,,,,,,,,,,,21.347777000557706,11400.04526229658,,,,,,
Medical Cost Estimation,,,,,,,,,,,,,,,,,,,,,,,,,,,,,,19.40638197243935,10819.404010832486,,,,,,
Medical Cost Estimation,,,,,,,,,,,,,,,,,,,,,,,,,,,,,,25.306103759887534,12586.79487867398,,,,,,
Medical Cost Estimation,,,,,,,,,,,,,,,,,,,,,,,,,,,,,,17.047341691664187,10113.94720417368,,,,,,
Medical Cost Estimation,,,,,,,,,,,,,,,,,,,,,,,,,,,,,,30.035415753659564,14009.390299115026,,,,,,
Medical Cost Estimation,,,,,,,,,,,,,,,,,,,,,,,,,,,,,,33.12467038870277,14948.126298714675,,,,,,
Medical Cost Estimation,,,,,,,,,,,,,,,,,,,,,,,,,,,,,,29.868703479123887,13965.084429449356,,,,,,
Medical Cost Estimation,,,,,,,,,,,,,,,,,,,,,,,,,,,,,,25.656540748027886,12701.809964742812,,,,,,
Medical Cost Estimation,,,,,,,,,,,,,,,,,,,,,,,,,,,,,,32.2133564357777,14666.363693187448,,,,,,
Medical Cost Estimation,,,,,,,,,,,,,,,,,,,,,,,,,,,,,,28.89836759563015,13667.673690455702,,,,,,
Medical Cost Estimation,,,,,,,,,,,,,,,,,,,,,,,,,,,,,,15.211022449003798,9561.929784907048,,,,,,
Medical Cost Estimation,,,,,,,,,,,,,,,,,,,,,,,,,,,,,,22.88180305549006,11863.621570147934,,,,,,
Medical Cost Estimation,,,,,,,,,,,,,,,,,,,,,,,,,,,,,,32.019037988136006,14606.652562804307,,,,,,
Medical Cost Estimation,,,,,,,,,,,,,,,,,,,,,,,,,,,,,,21.917177159505385,11577.098996902732,,,,,,
Medical Cost Estimation,,,,,,,,,,,,,,,,,,,,,,,,,,,,,,15.704303470510471,9711.294584291543,,,,,,
Medical Cost Estimation,,,,,,,,,,,,,,,,,,,,,,,,,,,,,,29.923592771045445,13975.624838926919,,,,,,
Medical Cost Estimation,,,,,,,,,,,,,,,,,,,,,,,,,,,,,,31.04076540565737,14309.259043544771,,,,,,
Medical Cost Estimation,,,,,,,,,,,,,,,,,,,,,,,,,,,,,,18.21187390086617,10456.598926470935,,,,,,
Medical Cost Estimation,,,,,,,,,,,,,,,,,,,,,,,,,,,,,,25.746809936863624,12730.45987688432,,,,,,
Traffic Flow Estimation,,,,,,,,,,,,,,,,,,,,,,,,,,,,,,,,0.0,111.02764784132707,,,,
Traffic Flow Estimation,,,,,,,,,,,,,,,,,,,,,,,,,,,,,,,,1.0,115.99668390464126,,,,
Traffic Flow Estimation,,,,,,,,,,,,,,,,,,,,,,,,,,,,,,,,2.0,113.70467187034627,,,,
Traffic Flow Estimation,,,,,,,,,,,,,,,,,,,,,,,,,,,,,,,,3.0,133.93508284820444,,,,
Traffic Flow Estimation,,,,,,,,,,,,,,,,,,,,,,,,,,,,,,,,4.0,145.1188815081041,,,,
Traffic Flow Estimation,,,,,,,,,,,,,,,,,,,,,,,,,,,,,,,,5.0,147.9828115068932,,,,
Traffic Flow Estimation,,,,,,,,,,,,,,,,,,,,,,,,,,,,,,,,6.0,162.44463619819516,,,,
Traffic Flow Estimation,,,,,,,,,,,,,,,,,,,,,,,,,,,,,,,,7.0,167.7184848373869,,,,
Traffic Flow Estimation,,,,,,,,,,,,,,,,,,,,,,,,,,,,,,,,8.0,187.6446449740687,,,,
Traffic Flow Estimation,,,,,,,,,,,,,,,,,,,,,,,,,,,,,,,,9.0,191.82685461107656,,,,
Traffic Flow Estimation,,,,,,,,,,,,,,,,,,,,,,,,,,,,,,,,10.0,195.41422254314475,,,,
Traffic Flow Estimation,,,,,,,,,,,,,,,,,,,,,,,,,,,,,,,,11.0,213.3490404900467,,,,
Traffic Flow Estimation,,,,,,,,,,,,,,,,,,,,,,,,,,,,,,,,12.0,225.29390336745124,,,,
Traffic Flow Estimation,,,,,,,,,,,,,,,,,,,,,,,,,,,,,,,,13.0,230.99065825567936,,,,
Traffic Flow Estimation,,,,,,,,,,,,,,,,,,,,,,,,,,,,,,,,14.0,242.39720845871634,,,,
Traffic Flow Estimation,,,,,,,,,,,,,,,,,,,,,,,,,,,,,,,,15.0,249.65123285385602,,,,
Traffic Flow Estimation,,,,,,,,,,,,,,,,,,,,,,,,,,,,,,,,16.0,254.32859773426884,,,,
Traffic Flow Estimation,,,,,,,,,,,,,,,,,,,,,,,,,,,,,,,,17.0,269.2413312078975,,,,
Traffic Flow Estimation,,,,,,,,,,,,,,,,,,,,,,,,,,,,,,,,18.0,282.6151981648178,,,,
Traffic Flow Estimation,,,,,,,,,,,,,,,,,,,,,,,,,,,,,,,,19.0,289.3598656600838,,,,
Traffic Flow Estimation,,,,,,,,,,,,,,,,,,,,,,,,,,,,,,,,20.0,304.00382713369794,,,,
Traffic Flow Estimation,,,,,,,,,,,,,,,,,,,,,,,,,,,,,,,,21.0,308.0390921940121,,,,
Traffic Flow Estimation,,,,,,,,,,,,,,,,,,,,,,,,,,,,,,,,22.0,318.36704586274584,,,,
Traffic Flow Estimation,,,,,,,,,,,,,,,,,,,,,,,,,,,,,,,,23.0,334.1555999899695,,,,
Traffic Flow Estimation,,,,,,,,,,,,,,,,,,,,,,,,,,,,,,,,24.0,341.1092625840152,,,,
Traffic Flow Estimation,,,,,,,,,,,,,,,,,,,,,,,,,,,,,,,,25.0,347.94139209422207,,,,
Traffic Flow Estimation,,,,,,,,,,,,,,,,,,,,,,,,,,,,,,,,26.0,365.16902688004313,,,,
Traffic Flow Estimation,,,,,,,,,,,,,,,,,,,,,,,,,,,,,,,,27.0,366.55632141024734,,,,
Traffic Flow Estimation,,,,,,,,,,,,,,,,,,,,,,,,,,,,,,,,28.0,376.36525520491324,,,,
Traffic Flow Estimation,,,,,,,,,,,,,,,,,,,,,,,,,,,,,,,,29.0,375.85275594467964,,,,
Traffic Flow Estimation,,,,,,,,,,,,,,,,,,,,,,,,,,,,,,,,30.0,397.23015725711275,,,,
Traffic Flow Estimation,,,,,,,,,,,,,,,,,,,,,,,,,,,,,,,,31.0,416.5435833946114,,,,
Traffic Flow Estimation,,,,,,,,,,,,,,,,,,,,,,,,,,,,,,,,32.0,409.6385365691378,,,,
Traffic Flow Estimation,,,,,,,,,,,,,,,,,,,,,,,,,,,,,,,,33.0,425.2403992988539,,,,
Traffic Flow Estimation,,,,,,,,,,,,,,,,,,,,,,,,,,,,,,,,34.0,442.19534277945087,,,,
Traffic Flow Estimation,,,,,,,,,,,,,,,,,,,,,,,,,,,,,,,,35.0,438.77566613053637,,,,
Traffic Flow Estimation,,,,,,,,,,,,,,,,,,,,,,,,,,,,,,,,36.0,457.4465069324512,,,,
Traffic Flow Estimation,,,,,,,,,,,,,,,,,,,,,,,,,,,,,,,,37.0,475.70431607805375,,,,
Traffic Flow Estimation,,,,,,,,,,,,,,,,,,,,,,,,,,,,,,,,38.0,490.21512900924495,,,,
Traffic Flow Estimation,,,,,,,,,,,,,,,,,,,,,,,,,,,,,,,,39.0,491.45123282833515,,,,
Traffic Flow Estimation,,,,,,,,,,,,,,,,,,,,,,,,,,,,,,,,40.0,495.36766490879444,,,,
Traffic Flow Estimation,,,,,,,,,,,,,,,,,,,,,,,,,,,,,,,,41.0,505.1993563067586,,,,
Traffic Flow Estimation,,,,,,,,,,,,,,,,,,,,,,,,,,,,,,,,42.0,520.7245398466545,,,,
Traffic Flow Estimation,,,,,,,,,,,,,,,,,,,,,,,,,,,,,,,,43.0,531.4048166058255,,,,
Traffic Flow Estimation,,,,,,,,,,,,,,,,,,,,,,,,,,,,,,,,44.0,549.2896438002913,,,,
Traffic Flow Estimation,,,,,,,,,,,,,,,,,,,,,,,,,,,,,,,,45.0,554.854024262686,,,,
Traffic Flow Estimation,,,,,,,,,,,,,,,,,,,,,,,,,,,,,,,,46.0,560.4205324394425,,,,
Traffic Flow Estimation,,,,,,,,,,,,,,,,,,,,,,,,,,,,,,,,47.0,568.323963733703,,,,
Traffic Flow Estimation,,,,,,,,,,,,,,,,,,,,,,,,,,,,,,,,48.0,595.0735585465111,,,,
Traffic Flow Estimation,,,,,,,,,,,,,,,,,,,,,,,,,,,,,,,,49.0,593.1329739999795,,,,
Startup Profit Prediction,,,,,,,,,,,,,,,,,,,,,,,,,,,,,,,,,,87129.0,62274.05624143211,,
Startup Profit Prediction,,,,,,,,,,,,,,,,,,,,,,,,,,,,,,,,,,143964.0,96377.27688538203,,
Startup Profit Prediction,,,,,,,,,,,,,,,,,,,,,,,,,,,,,,,,,,31672.0,28998.812726299984,,
Startup Profit Prediction,,,,,,,,,,,,,,,,,,,,,,,,,,,,,,,,,,15812.0,19475.177252370744,,
Startup Profit Prediction,,,,,,,,,,,,,,,,,,,,,,,,,,,,,,,,,,10654.0,16393.963254956037,,
Startup Profit Prediction,,,,,,,,,,,,,,,,,,,,,,,,,,,,,,,,,,64633.0,48788.71227108278,,
Startup Profit Prediction,,,,,,,,,,,,,,,,,,,,,,,,,,,,,,,,,,27143.0,26277.647213988763,,
Startup Profit Prediction,,,,,,,,,,,,,,,,,,,,,,,,,,,,,,,,,,65934.0,49560.6763129794,,
Startup Profit Prediction,,,,,,,,,,,,,,,,,,,,,,,,,,,,,,,,,,77334.0,56396.865476104314,,
Startup Profit Prediction,,,,,,,,,,,,,,,,,,,,,,,,,,,,,,,,,,113463.0,78080.40751262785,,
Startup Profit Prediction,,,,,,,,,,,,,,,,,,,,,,,,,,,,,,,,,,135851.0,91509.73834921636,,
Startup Profit Prediction,,,,,,,,,,,,,,,,,,,,,,,,,,,,,,,,,,39087.0,33445.39972672791,,
Startup Profit Prediction,,,,,,,,,,,,,,,,,,,,,,,,,,,,,,,,,,18446.0,21062.69448143025,,
Startup Profit Prediction,,,,,,,,,,,,,,,,,,,,,,,,,,,,,,,,,,112127.0,77272.04849734007,,
Startup Profit Prediction,,,,,,,,,,,,,,,,,,,,,,,,,,,,,,,,,,58867.0,45326.921591039936,,
Startup Profit Prediction,,,,,,,,,,,,,,,,,,,,,,,,,,,,,,,,,,70101.0,52067.06629638465,,
Startup Profit Prediction,,,,,,,,,,,,,,,,,,,,,,,,,,,,,,,,,,98074.0,68842.84326056443,,
Startup Profit Prediction,,,,,,,,,,,,,,,,,,,,,,,,,,,,,,,,,,128422.0,87059.33901716725,,
Startup Profit Prediction,,,,,,,,,,,,,,,,,,,,,,,,,,,,,,,,,,97892.0,68734.33408080302,,
Startup Profit Prediction,,,,,,,,,,,,,,,,,,,,,,,,,,,,,,,,,,130044.0,88024.76668620775,,
Startup Profit Prediction,,,,,,,,,,,,,,,,,,,,,,,,,,,,,,,,,,49148.0,39489.08558920276,,
Startup Profit Prediction,,,,,,,,,,,,,,,,,,,,,,,,,,,,,,,,,,92928.0,65758.2241263931,,
Startup Profit Prediction,,,,,,,,,,,,,,,,,,,,,,,,,,,,,,,,,,61660.0,46993.222776035676,,
Startup Profit Prediction,,,,,,,,,,,,,,,,,,,,,,,,,,,,,,,,,,45450.0,37270.10932871091,,
Startup Profit Prediction,,,,,,,,,,,,,,,,,,,,,,,,,,,,,,,,,,43757.0,36258.13661252823,,
Startup Profit Prediction,,,,,,,,,,,,,,,,,,,,,,,,,,,,,,,,,,88012.0,62807.84769819603,,
Startup Profit Prediction,,,,,,,,,,,,,,,,,,,,,,,,,,,,,,,,,,116750.0,80050.21391451062,,
Startup Profit Prediction,,,,,,,,,,,,,,,,,,,,,,,,,,,,,,,,,,137043.0,92228.2709010714,,
Startup Profit Prediction,,,,,,,,,,,,,,,,,,,,,,,,,,,,,,,,,,66116.0,49672.93353030429,,
Startup Profit Prediction,,,,,,,,,,,,,,,,,,,,,,,,,,,,,,,,,,42152.0,35290.88692090693,,
Startup Profit Prediction,,,,,,,,,,,,,,,,,,,,,,,,,,,,,,,,,,116379.0,79825.0290947146,,
Startup Profit Prediction,,,,,,,,,,,,,,,,,,,,,,,,,,,,,,,,,,30836.0,28502.546016517368,,
Startup Profit Prediction,,,,,,,,,,,,,,,,,,,,,,,,,,,,,,,,,,79444.0,57658.43018135089,,
Startup Profit Prediction,,,,,,,,,,,,,,,,,,,,,,,,,,,,,,,,,,103109.0,71864.34839002248,,
Startup Profit Prediction,,,,,,,,,,,,,,,,,,,,,,,,,,,,,,,,,,145451.0,97258.24220045842,,
Startup Profit Prediction,,,,,,,,,,,,,,,,,,,,,,,,,,,,,,,,,,92018.0,65202.42104108282,,
Startup Profit Prediction,,,,,,,,,,,,,,,,,,,,,,,,,,,,,,,,,,133076.0,89836.46907075291,,
Startup Profit Prediction,,,,,,,,,,,,,,,,,,,,,,,,,,,,,,,,,,141949.0,95174.63675871227,,
Startup Profit Prediction,,,,,,,,,,,,,,,,,,,,,,,,,,,,,,,,,,93788.0,66272.86990907983,,
Startup Profit Prediction,,,,,,,,,,,,,,,,,,,,,,,,,,,,,,,,,,106870.0,74115.68975488392,,
Startup Profit Prediction,,,,,,,,,,,,,,,,,,,,,,,,,,,,,,,,,,93308.0,65987.25533021722,,
Startup Profit Prediction,,,,,,,,,,,,,,,,,,,,,,,,,,,,,,,,,,67913.0,50752.74327239683,,
Startup Profit Prediction,,,,,,,,,,,,,,,,,,,,,,,,,,,,,,,,,,12637.0,17584.742427780737,,
Startup Profit Prediction,,,,,,,,,,,,,,,,,,,,,,,,,,,,,,,,,,52025.0,41214.05644935754,,
Startup Profit Prediction,,,,,,,,,,,,,,,,,,,,,,,,,,,,,,,,,,109508.0,75705.9624330921,,
Startup Profit Prediction,,,,,,,,,,,,,,,,,,,,,,,,,,,,,,,,,,92464.0,65482.907482665716,,
Startup Profit Prediction,,,,,,,,,,,,,,,,,,,,,,,,,,,,,,,,,,38742.0,33242.853770811686,,
Startup Profit Prediction,,,,,,,,,,,,,,,,,,,,,,,,,,,,,,,,,,21831.0,23098.74933461629,,
Startup Profit Prediction,,,,,,,,,,,,,,,,,,,,,,,,,,,,,,,,,,123768.0,84259.51403477698,,
Startup Profit Prediction,,,,,,,,,,,,,,,,,,,,,,,,,,,,,,,,,,95092.0,67047.13292073674,,
Website Visitor Prediction,,,,,,,,,,,,,,,,,,,,,,,,,,,,,,,,,,,,867.0,1344.9828409032214
Website Visitor Prediction,,,,,,,,,,,,,,,,,,,,,,,,,,,,,,,,,,,,406.0,797.4863593249701
Website Visitor Prediction,,,,,,,,,,,,,,,,,,,,,,,,,,,,,,,,,,,,685.0,1117.6310268937941
Website Visitor Prediction,,,,,,,,,,,,,,,,,,,,,,,,,,,,,,,,,,,,782.0,1243.2134011744315
Website Visitor Prediction,,,,,,,,,,,,,,,,,,,,,,,,,,,,,,,,,,,,476.0,866.9900311011919
Website Visitor Prediction,,,,,,,,,,,,,,,,,,,,,,,,,,,,,,,,,,,,754.0,1205.4639390753853
Website Visitor Prediction,,,,,,,,,,,,,,,,,,,,,,,,,,,,,,,,,,,,777.0,1239.940061368949
Website Visitor Prediction,,,,,,,,,,,,,,,,,,,,,,,,,,,,,,,,,,,,498.0,894.9978050730394
Website Visitor Prediction,,,,,,,,,,,,,,,,,,,,,,,,,,,,,,,,,,,,872.0,1346.3265679280405
Website Visitor Prediction,,,,,,,,,,,,,,,,,,,,,,,,,,,,,,,,,,,,320.0,674.9924850174597
Website Visitor Prediction,,,,,,,,,,,,,,,,,,,,,,,,,,,,,,,,,,,,694.0,1129.4789782802688
Website Visitor Prediction,,,,,,,,,,,,,,,,,,,,,,,,,,,,,,,,,,,,281.0,627.6686383899965
Website Visitor Prediction,,,,,,,,,,,,,,,,,,,,,,,,,,,,,,,,,,,,406.0,789.345890599375
Website Visitor Prediction,,,,,,,,,,,,,,,,,,,,,,,,,,,,,,,,,,,,621.0,1049.3581877947577
Website Visitor Prediction,,,,,,,,,,,,,,,,,,,,,,,,,,,,,,,,,,,,495.0,892.8918255671459
Website Visitor Prediction,,,,,,,,,,,,,,,,,,,,,,,,,,,,,,,,,,,,103.0,425.029434836284
Website Visitor Prediction,,,,,,,,,,,,,,,,,,,,,,,,,,,,,,,,,,,,962.0,1452.7713477237476
Website Visitor Prediction,,,,,,,,,,,,,,,,,,,,,,,,,,,,,,,,,,,,947.0,1440.1027268293722
Website Visitor Prediction,,,,,,,,,,,,,,,,,,,,,,,,,,,,,,,,,,,,903.0,1384.247309675626
Website Visitor Prediction,,,,,,,,,,,,,,,,,,,,,,,,,,,,,,,,,,,,380.0,746.0716832209822
Website Visitor Prediction,,,,,,,,,,,,,,,,,,,,,,,,,,,,,,,,,,,,314.0,681.499904090464
Website Visitor Prediction,,,,,,,,,,,,,,,,,,,,,,,,,,,,,,,,,,,,709.0,1148.8522860270841
Website Visitor Prediction,,,,,,,,,,,,,,,,,,,,,,,,,,,,,,,,,,,,519.0,916.4481026439579
Website Visitor Prediction,,,,,,,,,,,,,,,,,,,,,,,,,,,,,,,,,,,,200.0,537.8053301382799
Website Visitor Prediction,,,,,,,,,,,,,,,,,,,,,,,,,,,,,,,,,,,,620.0,1034.489651757268
Website Visitor Prediction,,,,,,,,,,,,,,,,,,,,,,,,,,,,,,,,,,,,672.0,1100.150553443805
Website Visitor Prediction,,,,,,,,,,,,,,,,,,,,,,,,,,,,,,,,,,,,408.0,790.3147480505769
Website Visitor Prediction,,,,,,,,,,,,,,,,,,,,,,,,,,,,,,,,,,,,757.0,1209.5335584317029
Website Visitor Prediction,,,,,,,,,,,,,,,,,,,,,,,,,,,,,,,,,,,,609.0,1032.332194171276
Website Visitor Prediction,,,,,,,,,,,,,,,,,,,,,,,,,,,,,,,,,,,,162.0,494.41604933881746
Website Visitor Prediction,,,,,,,,,,,,,,,,,,,,,,,,,,,,,,,,,,,,732.0,1174.93567438264
Website Visitor Prediction,,,,,,,,,,,,,,,,,,,,,,,,,,,,,,,,,,,,325.0,689.7277043026971
Website Visitor Prediction,,,,,,,,,,,,,,,,,,,,,,,,,,,,,,,,,,,,204.0,542.6139627652606
Website Visitor Prediction,,,,,,,,,,,,,,,,,,,,,,,,,,,,,,,,,,,,871.0,1337.0710920096242
Website Visitor Prediction,,,,,,,,,,,,,,,,,,,,,,,,,,,,,,,,,,,,960.0,1448.137925044947
Website Visitor Prediction,,,,,,,,,,,,,,,,,,,,,,,,,,,,,,,,,,,,524.0,933.2477061558451
Website Visitor Prediction,,,,,,,,,,,,,,,,,,,,,,,,,,,,,,,,,,,,354.0,732.7414707602746
Website Visitor Prediction,,,,,,,,,,,,,,,,,,,,,,,,,,,,,,,,,,,,528.0,936.8563752205935
Website Visitor Prediction,,,,,,,,,,,,,,,,,,,,,,,,,,,,,,,,,,,,533.0,947.318488804962
Website Visitor Prediction,,,,,,,,,,,,,,,,,,,,,,,,,,,,,,,,,,,,306.0,667.6269430506749
Website Visitor Prediction,,,,,,,,,,,,,,,,,,,,,,,,,,,,,,,,,,,,127.0,461.1118804235127
Website Visitor Prediction,,,,,,,,,,,,,,,,,,,,,,,,,,,,,,,,,,,,781.0,1247.4724422016427
Website Visitor Prediction,,,,,,,,,,,,,,,,,,,,,,,,,,,,,,,,,,,,435.0,813.332652509819
Website Visitor Prediction,,,,,,,,,,,,,,,,,,,,,,,,,,,,,,,,,,,,687.0,1125.5074665356642
Website Visitor Prediction,,,,,,,,,,,,,,,,,,,,,,,,,,,,,,,,,,,,727.0,1172.832150945438
Website Visitor Prediction,,,,,,,,,,,,,,,,,,,,,,,,,,,,,,,,,,,,168.0,499.4794809220795
Website Visitor Prediction,,,,,,,,,,,,,,,,,,,,,,,,,,,,,,,,,,,,965.0,1460.459577690757
Website Visitor Prediction,,,,,,,,,,,,,,,,,,,,,,,,,,,,,,,,,,,,845.0,1314.2056253432095
Website Visitor Prediction,,,,,,,,,,,,,,,,,,,,,,,,,,,,,,,,,,,,612.0,1030.72275539804
Website Visitor Prediction,,,,,,,,,,,,,,,,,,,,,,,,,,,,,,,,,,,,266.0,619.0669744748151
Online Retail Sales Prediction,,,,,,,,,,,,,,,,,,,,,,,,,,,,3715.922972896842,,,,,,,,,3011.0
Online Retail Sales Prediction,,,,,,,,,,,,,,,,,,,,,,,,,,,,8247.712690484414,,,,,,,,,8052.0
Online Retail Sales Prediction,,,,,,,,,,,,,,,,,,,,,,,,,,,,3266.6347737412807,,,,,,,,,2515.0
Online Retail Sales Prediction,,,,,,,,,,,,,,,,,,,,,,,,,,,,1313.6147344986045,,,,,,,,,350.0
Online Retail Sales Prediction,,,,,,,,,,,,,,,,,,,,,,,,,,,,5548.160320050759,,,,,,,,,5051.0
Online Retail Sales Prediction,,,,,,,,,,,,,,,,,,,,,,,,,,,,8372.153927347585,,,,,,,,,8198.0
Online Retail Sales Prediction,,,,,,,,,,,,,,,,,,,,,,,,,,,,5847.601397502902,,,,,,,,,5389.0
Online Retail Sales Prediction,,,,,,,,,,,,,,,,,,,,,,,,,,,,8381.286656957169,,,,,,,,,8202.0
Online Retail Sales Prediction,,,,,,,,,,,,,,,,,,,,,,,,,,,,7614.918320396868,,,,,,,,,7357.0
Online Retail Sales Prediction,,,,,,,,,,,,,,,,,,,,,,,,,,,,6094.348916405539,,,,,,,,,5665.0
Online Retail Sales Prediction,,,,,,,,,,,,,,,,,,,,,,,,,,,,6884.86555884287,,,,,,,,,6537.0
Online Retail Sales Prediction,,,,,,,,,,,,,,,,,,,,,,,,,,,,9289.64915958144,,,,,,,,,9210.0
Online Retail Sales Prediction,,,,,,,,,,,,,,,,,,,,,,,,,,,,2149.7318271232884,,,,,,,,,1273.0
Online Retail Sales Prediction,,,,,,,,,,,,,,,,,,,,,,,,,,,,8848.597444909075,,,,,,,,,8724.0
Online Retail Sales Prediction,,,,,,,,,,,,,,,,,,,,,,,,,,,,1841.7880111300262,,,,,,,,,935.0
Online Retail Sales Prediction,,,,,,,,,,,,,,,,,,,,,,,,,,,,3122.440662945581,,,,,,,,,2362.0
Online Retail Sales Prediction,,,,,,,,,,,,,,,,,,,,,,,,,,,,9273.630642745547,,,,,,,,,9189.0
Online Retail Sales Prediction,,,,,,,,,,,,,,,,,,,,,,,,,,,,5206.253730580126,,,,,,,,,4667.0
Online Retail Sales Prediction,,,,,,,,,,,,,,,,,,,,,,,,,,,,4525.916624136264,,,,,,,,,3915.0
Online Retail Sales Prediction,,,,,,,,,,,,,,,,,,,,,,,,,,,,1316.705971381383,,,,,,,,,346.0
Online Retail Sales Prediction,,,,,,,,,,,,,,,,,,,,,,,,,,,,3276.262499314439,,,,,,,,,2529.0
Online Retail Sales Prediction,,,,,,,,,,,,,,,,,,,,,,,,,,,,9357.827969174978,,,,,,,,,9282.0
Online Retail Sales Prediction,,,,,,,,,,,,,,,,,,,,,,,,,,,,9296.577088713064,,,,,,,,,9218.0
Online Retail Sales Prediction,,,,,,,,,,,,,,,,,,,,,,,,,,,,5843.1753596670715,,,,,,,,,5387.0
Online Retail Sales Prediction,,,,,,,,,,,,,,,,,,,,,,,,,,,,3437.5336069434934,,,,,,,,,2707.0
Online Retail Sales Prediction,,,,,,,,,,,,,,,,,,,,,,,,,,,,9424.423516531047,,,,,,,,,9366.0
Online Retail Sales Prediction,,,,,,,,,,,,,,,,,,,,,,,,,,,,6438.695644757845,,,,,,,,,6030.0
Online Retail Sales Prediction,,,,,,,,,,,,,,,,,,,,,,,,,,,,4708.129559206123,,,,,,,,,4122.0
Online Retail Sales Prediction,,,,,,,,,,,,,,,,,,,,,,,,,,,,5398.825189277245,,,,,,,,,4884.0
Online Retail Sales Prediction,,,,,,,,,,,,,,,,,,,,,,,,,,,,7045.237933902372,,,,,,,,,6717.0
Online Retail Sales Prediction,,,,,,,,,,,,,,,,,,,,,,,,,,,,3919.7319328798208,,,,,,,,,3251.0
Online Retail Sales Prediction,,,,,,,,,,,,,,,,,,,,,,,,,,,,6102.507384849677,,,,,,,,,5680.0
Online Retail Sales Prediction,,,,,,,,,,,,,,,,,,,,,,,,,,,,7442.345069775371,,,,,,,,,7154.0
Online Retail Sales Prediction,,,,,,,,,,,,,,,,,,,,,,,,,,,,8033.146704633856,,,,,,,,,7806.0
Online Retail Sales Prediction,,,,,,,,,,,,,,,,,,,,,,,,,,,,7943.425981463948,,,,,,,,,7719.0
Online Retail Sales Prediction,,,,,,,,,,,,,,,,,,,,,,,,,,,,5197.416537402202,,,,,,,,,4673.0
Online Retail Sales Prediction,,,,,,,,,,,,,,,,,,,,,,,,,,,,4230.2741863378915,,,,,,,,,3591.0
Online Retail Sales Prediction,,,,,,,,,,,,,,,,,,,,,,,,,,,,1720.7144147738063,,,,,,,,,806.0
Online Retail Sales Prediction,,,,,,,,,,,,,,,,,,,,,,,,,,,,7384.04842160069,,,,,,,,,7097.0
Online Retail Sales Prediction,,,,,,,,,,,,,,,,,,,,,,,,,,,,5802.751868498626,,,,,,,,,5333.0
Online Retail Sales Prediction,,,,,,,,,,,,,,,,,,,,,,,,,,,,9140.247684762986,,,,,,,,,9045.0
Online Retail Sales Prediction,,,,,,,,,,,,,,,,,,,,,,,,,,,,6265.35246220559,,,,,,,,,5855.0
Online Retail Sales Prediction,,,,,,,,,,,,,,,,,,,,,,,,,,,,7356.942503931306,,,,,,,,,7060.0
Online Retail Sales Prediction,,,,,,,,,,,,,,,,,,,,,,,,,,,,8994.43436172538,,,,,,,,,8879.0
Online Retail Sales Prediction,,,,,,,,,,,,,,,,,,,,,,,,,,,,2288.9147125697773,,,,,,,,,1434.0
Online Retail Sales Prediction,,,,,,,,,,,,,,,,,,,,,,,,,,,,6119.88958260459,,,,,,,,,5688.0
Online Retail Sales Prediction,,,,,,,,,,,,,,,,,,,,,,,,,,,,2754.902509415385,,,,,,,,,1947.0
Online Retail Sales Prediction,,,,,,,,,,,,,,,,,,,,,,,,,,,,7258.0305156549175,,,,,,,,,6951.0
Online Retail Sales Prediction,,,,,,,,,,,,,,,,,,,,,,,,,,,,7580.103070434829,,,,,,,,,7311.0
Online Retail Sales Prediction,,,,,,,,,,,,,,,,,,,,,,,,,,,,8175.6629305911265,,,,,,,,,7965.0
